304	復刻8弾前半	13070	0	images/dungeonbanner	010001.png	9	3	2015-10-29 00:00:00	2015-10-29 00:00:00	0
305	復刻8弾後半	13071	0	images/dungeonbanner	010001.png	9	3	2015-10-29 00:00:00	2015-11-09 00:00:00	0
306	復刻9弾後半	13080	0	images/dungeonbanner	010001.png	9	2	2015-11-19 00:00:00	2015-11-19 00:00:00	0
307	復刻9弾後半	13081	0	images/dungeonbanner	010001.png	9	2	2015-11-19 00:00:00	2015-11-19 00:00:00	0
308	復刻10弾前半	13090	0	images/dungeonbanner	010001.png	9	3	2015-11-30 00:00:00	2015-11-30 00:00:00	0
309	復刻10弾後半	13091	0	images/dungeonbanner	010001.png	9	3	2015-11-30 00:00:00	2015-11-30 00:00:00	0
310	復刻11弾前半	13100	0	images/dungeonbanner	010001.png	9	3	2015-12-09 00:00:00	2015-12-09 00:00:00	0
311	復刻11弾後半	13101	0	images/dungeonbanner	010001.png	9	3	2015-12-09 00:00:00	2015-12-09 00:00:00	0
312	復刻12弾前半	13110	0	images/dungeonbanner	010001.png	9	3	2015-12-19 00:00:00	2015-12-19 00:00:00	0
313	復刻12弾後半	13120	0	images/dungeonbanner	010001.png	9	3	2015-12-19 00:00:00	2015-12-19 00:00:00	0
314	復刻13弾前半	13130	0	images/dungeonbanner	010001.png	9	2	2016-01-04 00:00:00	2016-01-15 00:00:00	0
315	復刻13弾後半	13131	0	images/dungeonbanner	010001.png	9	2	2016-01-04 00:00:00	2016-01-15 00:00:00	0
316	復刻14弾前半	13140	0	images/dungeonbanner	010001.png	9	3	2016-01-06 00:00:00	2016-01-06 00:00:00	0
317	復刻14弾後半	13141	0	images/dungeonbanner	010001.png	9	3	2016-01-06 00:00:00	2016-01-06 00:00:00	0
318	復刻15弾前半	13150	0	images/dungeonbanner	010001.png	9	2	2016-01-26 00:00:00	2016-01-26 00:00:00	0
319	復刻15弾後半	13151	0	images/dungeonbanner	010001.png	9	2	2016-01-26 00:00:00	2016-01-26 00:00:00	0
320	復刻16弾前半	13160	0	images/dungeonbanner	010001.png	9	3	2016-02-22 00:00:00	2016-02-22 00:00:00	0
321	復刻16弾後半	13161	0	images/dungeonbanner	010001.png	9	3	2016-02-22 00:00:00	2016-02-22 00:00:00	0
322	復刻17弾前半	13170	0	images/dungeonbanner	010001.png	9	2	2016-03-08 00:00:00	2016-03-08 00:00:00	0
323	復刻17弾後半	13171	0	images/dungeonbanner	010001.png	9	2	2016-03-08 00:00:00	2016-03-08 00:00:00	0
324	復刻18弾前半	13180	0	images/dungeonbanner	010001.png	9	3	2016-03-23 00:00:00	2016-03-23 00:00:00	0
325	復刻18弾後半	13181	0	images/dungeonbanner	010001.png	9	3	2016-03-23 00:00:00	2016-03-23 00:00:00	0
326	復刻19弾前半	13190	0	images/dungeonbanner	010001.png	9	2	2016-04-05 00:00:00	2016-04-05 00:00:00	0
327	復刻19弾後半	13191	0	images/dungeonbanner	010001.png	9	2	2016-04-05 00:00:00	2016-04-05 00:00:00	0
328	復刻20弾前半	13200	0	images/dungeonbanner	010001.png	9	3	2016-04-20 00:00:00	2016-04-20 00:00:00	0
329	復刻20弾後半	13201	0	images/dungeonbanner	010001.png	9	3	2016-04-20 00:00:00	2016-04-20 00:00:00	0
330	復刻21弾前半	13210	0	images/dungeonbanner	010001.png	9	2	2016-04-29 00:00:00	2016-04-29 00:00:00	0
331	復刻21弾後半	13211	0	images/dungeonbanner	010001.png	9	2	2016-04-29 00:00:00	2016-04-29 00:00:00	0
332	復刻22弾前半	13220	0	images/dungeonbanner	010001.png	9	3	2016-05-12 00:00:00	2016-05-12 00:00:00	0
333	復刻22弾後半	13221	0	images/dungeonbanner	010001.png	9	3	2016-05-12 00:00:00	2016-05-23 00:00:00	0
334	復刻23弾前半	13230	0	images/dungeonbanner	010001.png	9	4	2016-05-30 00:00:00	2016-05-30 00:00:00	0
335	復刻23弾後半	13231	0	images/dungeonbanner	010001.png	9	4	2016-05-30 00:00:00	2016-06-07 00:00:00	0
336	復刻24弾前半	13240	0	images/dungeonbanner	010001.png	9	6	2016-06-14 00:00:00	2016-06-14 00:00:00	0
337	復刻24弾後半	13241	0	images/dungeonbanner	010001.png	9	6	2016-06-14 00:00:00	2016-06-14 00:00:00	0
338	復刻25弾前半	13250	0	images/dungeonbanner	010001.png	9	4	2016-06-28 00:00:00	2016-06-28 00:00:00	0
339	復刻25弾後半	13251	0	images/dungeonbanner	010001.png	9	4	2016-06-28 00:00:00	2016-06-28 00:00:00	0
340	復刻26弾前半	13260	0	images/dungeonbanner	010001.png	9	6	2016-07-13 00:00:00	2016-07-13 00:00:00	0
341	復刻26弾後半	13261	0	images/dungeonbanner	010001.png	9	6	2016-07-13 00:00:00	2016-07-13 00:00:00	0
342	復刻27弾前半	13270	0	images/dungeonbanner	010001.png	9	4	2016-07-26 00:00:00	2016-07-26 00:00:00	0
343	復刻27弾後半	13271	0	images/dungeonbanner	010001.png	9	4	2016-07-26 00:00:00	2016-07-26 00:00:00	0
344	復刻28弾前半	13280	0	images/dungeonbanner	010001.png	9	6	2016-08-09 00:00:00	2016-08-09 00:00:00	0
345	復刻28弾後半	13281	0	images/dungeonbanner	010001.png	9	6	2016-08-09 00:00:00	2016-08-09 00:00:00	0
346	復刻29弾前半	13290	0	images/dungeonbanner	010001.png	9	4	2016-08-09 00:00:00	2016-08-09 00:00:00	0
347	復刻29弾後半	13291	0	images/dungeonbanner	010001.png	9	4	2016-08-09 00:00:00	2016-08-09 00:00:00	0
348	復刻30弾前半	13300	0	images/dungeonbanner	010001.png	9	6	2016-09-06 00:00:00	2016-09-06 00:00:00	0
349	復刻30弾後半	13301	0	images/dungeonbanner	010001.png	9	6	2016-09-06 00:00:00	2016-09-06 00:00:00	0
350	復刻31弾前半	13310	0	images/dungeonbanner	010001.png	9	4	2016-09-20 00:00:00	2016-09-20 00:00:00	0
351	復刻31弾後半	13311	0	images/dungeonbanner	010001.png	9	4	2016-09-20 00:00:00	2016-09-20 00:00:00	0
352	復刻32弾前半	13320	0	images/dungeonbanner	010001.png	9	6	2016-10-04 00:00:00	2016-10-04 00:00:00	0
353	復刻32弾後半	13321	0	images/dungeonbanner	010001.png	9	6	2016-10-04 00:00:00	2016-10-04 00:00:00	0
354	復刻33弾前半	13330	0	images/dungeonbanner	010001.png	9	4	2016-10-17 00:00:00	2016-10-17 00:00:00	0
355	復刻33弾後半	13331	0	images/dungeonbanner	010001.png	9	4	2016-10-17 00:00:00	2016-10-17 00:00:00	0
356	復刻34弾前半	13340	0	images/dungeonbanner	010001.png	9	6	2016-10-31 00:00:00	2016-10-31 00:00:00	0
357	復刻34弾後半	13341	0	images/dungeonbanner	010001.png	9	6	2016-10-31 00:00:00	2016-10-31 00:00:00	0
358	復刻35弾前半	13350	0	images/dungeonbanner	010001.png	9	4	2016-11-17 00:00:00	2016-11-17 00:00:00	0
359	復刻35弾後半	13351	0	images/dungeonbanner	010001.png	9	4	2016-11-17 00:00:00	2016-11-17 00:00:00	0
360	復刻36弾前半	13360	0	images/dungeonbanner	010001.png	9	6	2016-12-01 00:00:00	2016-12-01 00:00:00	0
361	復刻36弾後半	13361	0	images/dungeonbanner	010001.png	9	6	2016-12-01 00:00:00	2016-12-01 00:00:00	0
362	復刻37弾前半	13370	0	images/dungeonbanner	010001.png	9	4	2016-12-12 00:00:00	2016-12-12 00:00:00	0
363	復刻37弾後半	13371	0	images/dungeonbanner	010001.png	9	4	2016-12-12 00:00:00	2016-12-12 00:00:00	0
364	復刻38弾前半	13380	0	images/dungeonbanner	010001.png	9	6	2016-12-26 00:00:00	2016-12-26 00:00:00	0
365	復刻38弾後半	13381	0	images/dungeonbanner	010001.png	9	6	2016-12-26 00:00:00	2016-12-26 00:00:00	0
366	復刻39弾前半	13390	0	images/dungeonbanner	010001.png	9	4	2017-01-11 00:00:00	2017-01-11 00:00:00	0
367	復刻39弾後半	13391	0	images/dungeonbanner	010001.png	9	4	2017-01-11 00:00:00	2017-01-11 00:00:00	0
368	復刻40弾前半	13400	0	images/dungeonbanner	010001.png	9	6	2017-01-23 00:00:00	2017-01-23 00:00:00	0
369	復刻40弾後半	13401	0	images/dungeonbanner	010001.png	9	6	2017-01-23 00:00:00	2017-01-23 00:00:00	0
370	復刻41弾前半	13410	0	images/dungeonbanner	010001.png	9	4	2017-02-08 00:00:00	2017-02-08 00:00:00	0
371	復刻41弾後半	13411	0	images/dungeonbanner	010001.png	9	4	2017-02-08 00:00:00	2017-02-08 00:00:00	0
372	復刻42弾前半	13420	0	images/dungeonbanner	010001.png	9	6	2017-02-23 00:00:00	2017-02-23 00:00:00	0
373	復刻42弾後半	13421	0	images/dungeonbanner	010001.png	9	6	2017-02-23 00:00:00	2017-02-23 00:00:00	0
374	復刻43弾前半	13430	0	images/dungeonbanner	010001.png	9	4	2017-03-07 00:00:00	2017-03-07 00:00:00	0
375	復刻43弾後半	13431	0	images/dungeonbanner	010001.png	9	4	2017-03-07 00:00:00	2017-03-07 00:00:00	0
376	復刻44弾前半	13440	0	images/dungeonbanner	010001.png	9	6	2017-03-22 00:00:00	2017-03-22 00:00:00	0
377	復刻44弾後半	13441	0	images/dungeonbanner	010001.png	9	6	2017-03-22 00:00:00	2017-03-22 00:00:00	0
378	復刻45弾前半	13450	0	images/dungeonbanner	010001.png	9	4	2017-04-05 00:00:00	2017-04-05 00:00:00	0
379	復刻45弾後半	13451	0	images/dungeonbanner	010001.png	9	4	2017-04-05 00:00:00	2017-04-05 00:00:00	0
380	復刻46弾前半	13460	0	images/dungeonbanner	010001.png	9	6	2017-04-18 00:00:00	2017-04-18 00:00:00	0
381	復刻46弾後半	13461	0	images/dungeonbanner	010001.png	9	6	2017-04-18 00:00:00	2017-04-18 00:00:00	0
382	復刻47弾前半	13470	0	images/dungeonbanner	010001.png	9	4	2017-04-26 00:00:00	2017-04-26 00:00:00	0
383	復刻47弾後半	13471	0	images/dungeonbanner	010001.png	9	4	2017-04-26 00:00:00	2017-04-26 00:00:00	0
384	復刻47弾前半	13480	0	images/dungeonbanner	010001.png	9	6	2017-05-16 00:00:00	2017-05-16 00:00:00	0
385	復刻47弾後半	13481	0	images/dungeonbanner	010001.png	9	6	2017-05-16 00:00:00	2017-05-16 00:00:00	0
386	復刻49弾前半	13490	0	images/dungeonbanner	010001.png	9	4	2017-05-30 00:00:00	2017-05-30 00:00:00	0
387	復刻49弾後半	13491	0	images/dungeonbanner	010001.png	9	4	2017-05-30 00:00:00	2017-05-30 00:00:00	0
388	復刻50弾前半	13500	0	images/dungeonbanner	010001.png	9	6	2017-06-15 00:00:00	2017-06-15 00:00:00	0
389	復刻50弾後半	13501	0	images/dungeonbanner	010001.png	9	6	2017-06-15 00:00:00	2017-06-15 00:00:00	0
390	復刻50弾前半	13520	0	images/dungeonbanner	010001.png	9	4	2017-06-27 00:00:00	2017-06-27 00:00:00	0
391	復刻50弾後半	13521	0	images/dungeonbanner	010001.png	9	4	2017-06-27 00:00:00	2017-06-27 00:00:00	0
392	復刻52弾前半	13530	0	images/dungeonbanner	010001.png	9	6	2017-07-12 00:00:00	2017-07-12 00:00:00	0
393	復刻52弾後半	13531	0	images/dungeonbanner	010001.png	9	6	2017-07-12 00:00:00	2017-07-12 00:00:00	0
394	復刻53弾前半	13540	0	images/dungeonbanner	010001.png	9	4	2017-07-24 00:00:00	2017-07-24 00:00:00	0
395	復刻53弾後半	13541	0	images/dungeonbanner	010001.png	9	4	2017-07-24 00:00:00	2017-07-24 00:00:00	0
396	復刻54弾前半	13550	0	images/dungeonbanner	010001.png	9	6	2017-08-08 00:00:00	2017-08-08 00:00:00	0
397	復刻54弾後半	13551	0	images/dungeonbanner	010001.png	9	6	2017-08-08 00:00:00	2017-08-08 00:00:00	0
398	復刻55弾前半	13560	0	images/dungeonbanner	010001.png	9	4	2017-08-22 00:00:00	2017-08-22 00:00:00	0
399	復刻55弾後半	13561	0	images/dungeonbanner	010001.png	9	4	2017-08-22 00:00:00	2017-08-22 00:00:00	0
400	復刻56弾前半	13570	0	images/dungeonbanner	010001.png	9	6	2017-09-06 00:00:00	2017-09-06 00:00:00	0
401	復刻56弾後半	13571	0	images/dungeonbanner	010001.png	9	6	2017-09-06 00:00:00	2017-09-06 00:00:00	0
402	復刻57弾前半	13580	0	images/dungeonbanner	010001.png	9	4	2017-09-20 00:00:00	2017-09-20 00:00:00	0
403	復刻57弾後半	13581	0	images/dungeonbanner	010001.png	9	4	2017-09-20 00:00:00	2017-09-20 00:00:00	0
404	復刻58弾前半	13590	0	images/dungeonbanner	010001.png	9	6	2017-09-20 00:00:00	2017-09-20 00:00:00	0
405	復刻58弾後半	13591	0	images/dungeonbanner	010001.png	9	6	2017-09-20 00:00:00	2017-09-20 00:00:00	0
406	復刻59弾前半	13600	0	images/dungeonbanner	010001.png	9	4	2017-10-18 00:00:00	2017-10-18 00:00:00	0
407	復刻59弾後半	13601	0	images/dungeonbanner	010001.png	9	4	2017-10-18 00:00:00	2017-10-18 00:00:00	0
408	復刻60弾前半	13610	0	images/dungeonbanner	010001.png	9	6	2017-10-31 00:00:00	2017-10-31 00:00:00	0
409	復刻60弾後半	13611	0	images/dungeonbanner	010001.png	9	6	2017-10-31 00:00:00	2017-10-31 00:00:00	0
410	復刻61弾前半	13620	0	images/dungeonbanner	010001.png	9	4	2017-11-15 00:00:00	2017-11-15 00:00:00	0
411	復刻61弾後半	13621	0	images/dungeonbanner	010001.png	9	4	2017-11-15 00:00:00	2017-11-15 00:00:00	0
412	復刻62弾前半	13630	0	images/dungeonbanner	010001.png	9	6	2017-11-29 00:00:00	2017-11-29 00:00:00	0
413	復刻62弾後半	13631	0	images/dungeonbanner	010001.png	9	6	2017-11-29 00:00:00	2017-11-29 00:00:00	0
414	復刻63弾前半	13640	0	images/dungeonbanner	010001.png	9	4	2017-12-13 00:00:00	2017-12-13 00:00:00	0
415	復刻63弾後半	13641	0	images/dungeonbanner	010001.png	9	4	2017-12-13 00:00:00	2017-12-13 00:00:00	0
416	復刻64弾前半	13650	0	images/dungeonbanner	010001.png	9	57	2017-12-20 00:00:00	2017-12-20 00:00:00	0
417	復刻64弾後半	13651	0	images/dungeonbanner	010001.png	9	57	2017-12-20 00:00:00	2017-12-20 00:00:00	0
418	復刻65弾前半	13660	0	images/dungeonbanner	010001.png	9	4	2018-01-11 00:00:00	2018-01-11 00:00:00	0
419	復刻65弾後半	13661	0	images/dungeonbanner	010001.png	9	4	2018-01-11 00:00:00	2018-01-11 00:00:00	0
420	復刻66弾前半	13670	0	images/dungeonbanner	010001.png	9	6	2018-01-23 00:00:00	2018-01-23 00:00:00	0
421	復刻66弾後半	13671	0	images/dungeonbanner	010001.png	9	6	2018-01-23 00:00:00	2018-01-23 00:00:00	0
422	復刻67弾前半	13680	0	images/dungeonbanner	010001.png	9	4	2018-02-06 00:00:00	2018-02-06 00:00:00	0
423	復刻67弾後半	13681	0	images/dungeonbanner	010001.png	9	4	2018-02-06 00:00:00	2018-02-06 00:00:00	0
424	復刻68弾前半	13690	0	images/dungeonbanner	010001.png	9	6	2018-02-20 00:00:00	2018-02-20 00:00:00	0
425	復刻68弾後半	13691	0	images/dungeonbanner	010001.png	9	6	2018-02-20 00:00:00	2018-02-20 00:00:00	0
426	復刻69弾前半	13700	0	images/dungeonbanner	010001.png	9	4	2018-03-07 00:00:00	2018-03-07 00:00:00	0
427	復刻69弾後半	13701	0	images/dungeonbanner	010001.png	9	4	2018-03-07 00:00:00	2018-03-07 00:00:00	0
428	復刻70弾前半	13710	0	images/dungeonbanner	010001.png	9	6	2018-03-20 00:00:00	2018-03-20 00:00:00	0
429	復刻70弾後半	13711	0	images/dungeonbanner	010001.png	9	6	2018-03-20 00:00:00	2018-03-20 00:00:00	0
430	復刻71弾前半	13720	0	images/dungeonbanner	010001.png	9	4	2018-03-20 00:00:00	2018-03-20 00:00:00	0
431	復刻71弾後半	13721	0	images/dungeonbanner	010001.png	9	4	2018-03-20 00:00:00	2018-03-20 00:00:00	0
432	復刻72弾前半	13730	0	images/dungeonbanner	010001.png	9	6	2018-04-17 00:00:00	2018-04-17 00:00:00	0
433	復刻72弾後半	13731	0	images/dungeonbanner	010001.png	9	6	2018-04-17 00:00:00	2018-04-17 00:00:00	0
434	復刻73弾前半	13740	0	images/dungeonbanner	010001.png	9	4	2018-05-01 00:00:00	2018-05-01 00:00:00	0
435	復刻73弾後半	13741	0	images/dungeonbanner	010001.png	9	4	2018-05-01 00:00:00	2018-05-01 00:00:00	0
436	復刻74弾前半	13750	0	images/dungeonbanner	010001.png	9	6	2018-05-15 00:00:00	2018-05-15 00:00:00	0
437	復刻74弾後半	13751	0	images/dungeonbanner	010001.png	9	6	2018-05-15 00:00:00	2018-05-15 00:00:00	0
438	復刻75弾前半	13760	0	images/dungeonbanner	010001.png	9	4	2018-05-30 00:00:00	2018-05-30 00:00:00	0
439	復刻75弾後半	13761	0	images/dungeonbanner	010001.png	9	4	2018-05-30 00:00:00	2018-05-30 00:00:00	0
440	復刻76弾前半	13770	0	images/dungeonbanner	010001.png	9	6	2018-06-12 00:00:00	2018-06-12 00:00:00	0
441	復刻76弾後半	13771	0	images/dungeonbanner	010001.png	9	6	2018-06-12 00:00:00	2018-06-12 00:00:00	0
442	復刻77弾前半	13790	0	images/dungeonbanner	010001.png	9	4	2018-06-27 00:00:00	2018-06-27 00:00:00	0
443	復刻77弾後半	13791	0	images/dungeonbanner	010001.png	9	4	2018-06-27 00:00:00	2018-06-27 00:00:00	0
444	復刻78弾前半	13800	0	images/dungeonbanner	010001.png	9	6	2018-07-11 00:00:00	2018-07-11 00:00:00	0
445	復刻78弾後半	13801	0	images/dungeonbanner	010001.png	9	6	2018-07-11 00:00:00	2018-07-11 00:00:00	0
446	復刻79弾前半	13810	0	images/dungeonbanner	010001.png	9	4	2018-07-24 00:00:00	2018-07-24 00:00:00	0
447	復刻79弾後半	13811	0	images/dungeonbanner	010001.png	9	4	2018-07-24 00:00:00	2018-07-24 00:00:00	0
448	復刻80弾前半	13820	0	images/dungeonbanner	010001.png	9	6	2018-08-07 00:00:00	2018-08-07 00:00:00	0
449	復刻80弾後半	13821	0	images/dungeonbanner	010001.png	9	6	2018-08-07 00:00:00	2018-08-07 00:00:00	0
450	復刻81弾前半	13830	0	images/dungeonbanner	010001.png	9	4	2018-08-21 00:00:00	2018-08-21 00:00:00	0
451	復刻81弾後半	13831	0	images/dungeonbanner	010001.png	9	4	2018-08-21 00:00:00	2018-08-21 00:00:00	0
452	復刻82弾後半	13840	0	images/dungeonbanner	010001.png	9	6	2018-09-05 00:00:00	2018-09-05 00:00:00	0
453	復刻82弾後半	13841	0	images/dungeonbanner	010001.png	9	6	2018-09-05 00:00:00	2018-09-05 00:00:00	0
454	復刻83弾前半	13850	0	images/dungeonbanner	010001.png	9	4	2018-09-20 00:00:00	2018-09-20 00:00:00	0
455	復刻83弾後半	13851	0	images/dungeonbanner	010001.png	9	4	2018-09-20 00:00:00	2018-09-20 00:00:00	0
456	復刻84弾前半	13860	0	images/dungeonbanner	010001.png	9	6	2018-10-03 00:00:00	2018-10-03 00:00:00	0
457	復刻84弾後半	13861	0	images/dungeonbanner	010001.png	9	6	2018-10-03 00:00:00	2018-10-03 00:00:00	0
458	復刻85弾前半	13870	0	images/dungeonbanner	010001.png	9	4	2018-10-03 00:00:00	2018-10-03 00:00:00	0
459	復刻85弾後半	13871	0	images/dungeonbanner	010001.png	9	4	2018-10-03 00:00:00	2018-10-03 00:00:00	0
460	復刻86弾前半	13880	0	images/dungeonbanner	010001.png	9	6	2018-10-30 00:00:00	2018-10-30 00:00:00	0
461	復刻86弾後半	13881	0	images/dungeonbanner	010001.png	9	6	2018-10-30 00:00:00	2018-10-30 00:00:00	0
462	復刻87弾前半	13890	0	images/dungeonbanner	010001.png	9	4	2018-10-30 00:00:00	2018-10-30 00:00:00	0
463	復刻87弾後半	13891	0	images/dungeonbanner	010001.png	9	4	2018-10-30 00:00:00	2018-10-30 00:00:00	0
464	復刻88弾前半	13900	0	images/dungeonbanner	010001.png	9	6	2018-11-27 00:00:00	2018-11-27 00:00:00	0
465	復刻88弾後半	13901	0	images/dungeonbanner	010001.png	9	6	2018-11-27 00:00:00	2018-11-27 00:00:00	0
466	復刻89弾前半	13910	0	images/dungeonbanner	010001.png	9	4	2018-12-11 00:00:00	2018-12-11 00:00:00	0
467	復刻89弾後半	13911	0	images/dungeonbanner	010001.png	9	4	2018-12-11 00:00:00	2018-12-11 00:00:00	0
468	復刻90弾前半	13920	0	images/dungeonbanner	010001.png	9	57	2018-12-11 00:00:00	2018-12-11 00:00:00	0
469	復刻90弾後半	13921	0	images/dungeonbanner	010001.png	9	57	2018-12-11 00:00:00	2018-12-11 00:00:00	0
470	復刻91弾前半	13930	0	images/dungeonbanner	010001.png	9	6	2019-01-10 00:00:00	2019-01-10 00:00:00	0
471	復刻91弾後半	13931	0	images/dungeonbanner	010001.png	9	6	2019-01-10 00:00:00	2019-01-10 00:00:00	0
472	復刻92弾前半	13940	0	images/dungeonbanner	010001.png	9	4	2019-01-10 00:00:00	2019-01-10 00:00:00	0
473	復刻92弾後半	13941	0	images/dungeonbanner	010001.png	9	4	2019-01-10 00:00:00	2019-01-10 00:00:00	0
474	復刻93弾前半	13950	0	images/dungeonbanner	010001.png	9	6	2019-02-05 00:00:00	2019-02-05 00:00:00	0
475	復刻93弾後半	13951	0	images/dungeonbanner	010001.png	9	6	2019-02-05 00:00:00	2019-02-05 00:00:00	0
476	復刻94弾前半	13960	0	images/dungeonbanner	010001.png	9	4	2019-02-19 00:00:00	2019-02-19 00:00:00	0
477	復刻94弾後半	13961	0	images/dungeonbanner	010001.png	9	4	2019-02-19 00:00:00	2019-02-19 00:00:00	0
478	復刻95弾前半	13970	0	images/dungeonbanner	010001.png	9	6	2019-02-19 00:00:00	2019-02-19 00:00:00	0
479	復刻95弾後半	13971	0	images/dungeonbanner	010001.png	9	6	2019-02-19 00:00:00	2019-02-19 00:00:00	0
480	復刻96弾前半	13980	0	images/dungeonbanner	010001.png	9	4	2019-03-18 00:00:00	2019-03-18 00:00:00	0
481	復刻96弾後半	13981	0	images/dungeonbanner	010001.png	9	4	2019-03-18 00:00:00	2019-03-18 00:00:00	0
482	復刻97弾前半	13990	0	images/dungeonbanner	010001.png	9	6	2019-04-03 00:00:00	2019-04-03 00:00:00	0
483	復刻97弾後半	13991	0	images/dungeonbanner	010001.png	9	6	2019-04-03 00:00:00	2019-04-03 00:00:00	0
484	復刻98弾前半	14000	0	images/dungeonbanner	010001.png	9	4	2019-04-16 00:00:00	2019-04-16 00:00:00	0
485	復刻98弾後半	14001	0	images/dungeonbanner	010001.png	9	4	2019-04-16 00:00:00	2019-04-16 00:00:00	0
486	復刻99弾前半	14010	0	images/dungeonbanner	010001.png	9	6	2019-04-25 00:00:00	2019-04-25 00:00:00	0
487	復刻99弾後半	14011	0	images/dungeonbanner	010001.png	9	6	2019-04-25 00:00:00	2019-04-25 00:00:00	0
488	復刻100弾前半	14020	0	images/dungeonbanner	010001.png	9	4	2019-05-14 00:00:00	2019-05-14 00:00:00	0
489	復刻100弾後半	14021	0	images/dungeonbanner	010001.png	9	4	2019-05-14 00:00:00	2019-05-14 00:00:00	0
490	復刻100弾特別	14022	0	images/dungeonbanner	010001.png	9	4	2019-05-14 00:00:00	2019-05-14 00:00:00	0
491	復刻100弾特別	14023	0	images/dungeonbanner	010001.png	9	4	2019-05-14 00:00:00	2019-05-14 00:00:00	0
492	復刻101弾前半	14030	0	images/dungeonbanner	010001.png	9	6	2019-05-28 00:00:00	2019-05-28 00:00:00	0
493	復刻101弾後半	14031	0	images/dungeonbanner	010001.png	9	6	2019-05-28 00:00:00	2019-05-28 00:00:00	0
494	復刻102弾前半	14040	0	images/dungeonbanner	010001.png	9	4	2019-06-13 00:00:00	2019-06-13 00:00:00	0
495	復刻102弾後半	14041	0	images/dungeonbanner	010001.png	9	4	2019-06-13 00:00:00	2019-06-13 00:00:00	0
496	復刻103弾前半	14050	0	images/dungeonbanner	010001.png	9	6	2019-06-25 00:00:00	2019-06-25 00:00:00	0
497	復刻103弾後半	14051	0	images/dungeonbanner	010001.png	9	6	2019-06-25 00:00:00	2019-06-25 00:00:00	0
498	復刻104弾前半	14060	0	images/dungeonbanner	010001.png	9	4	2019-07-09 00:00:00	2019-07-09 00:00:00	0
499	復刻104弾後半	14061	0	images/dungeonbanner	010001.png	9	4	2019-07-09 00:00:00	2019-07-09 00:00:00	0
500	再復刻1弾前半	23000	0	images/dungeonbanner	010001.png	9	11	2016-04-09 00:00:00	2016-04-09 00:00:00	0
501	再復刻1弾前半	23001	0	images/dungeonbanner	010001.png	9	11	2016-04-09 00:00:00	2016-04-09 00:00:00	0
502	再復刻2弾前半	23010	0	images/dungeonbanner	010001.png	9	14	2016-04-25 00:00:00	2016-04-25 00:00:00	0
503	再復刻2弾前半	23011	0	images/dungeonbanner	010001.png	9	14	2016-04-25 00:00:00	2016-04-25 00:00:00	0
504	再復刻3弾前半	23020	0	images/dungeonbanner	010001.png	9	15	2016-05-18 00:00:00	2016-05-18 00:00:00	0
505	再復刻3弾後半	23021	0	images/dungeonbanner	010001.png	9	15	2016-05-18 00:00:00	2016-05-18 00:00:00	0
506	再復刻4弾前半	23030	0	images/dungeonbanner	010001.png	9	18	2016-06-13 00:00:00	2016-06-13 00:00:00	0
507	再復刻4弾後半	23031	0	images/dungeonbanner	010001.png	9	18	2016-06-13 00:00:00	2016-06-13 00:00:00	0
508	再復刻5弾前半	23040	0	images/dungeonbanner	010001.png	9	19	2016-07-12 00:00:00	2016-07-12 00:00:00	0
509	再復刻5弾後半	23041	0	images/dungeonbanner	010001.png	9	19	2016-07-12 00:00:00	2016-07-12 00:00:00	0
510	再復刻6弾前半	23050	0	images/dungeonbanner	010001.png	9	21	2016-08-09 00:00:00	2016-08-09 00:00:00	0
511	再復刻6弾後半	23051	0	images/dungeonbanner	010001.png	9	21	2016-08-09 00:00:00	2016-08-09 00:00:00	0
512	再復刻7弾前半	23060	0	images/dungeonbanner	010001.png	9	22	2016-09-05 00:00:00	2016-09-05 00:00:00	0
513	再復刻7弾後半	23061	0	images/dungeonbanner	010001.png	9	22	2016-09-05 00:00:00	2016-09-05 00:00:00	0
514	再復刻8弾前半	23070	0	images/dungeonbanner	010001.png	9	24	2016-10-04 00:00:00	2016-10-04 00:00:00	0
515	再復刻8弾後半	23071	0	images/dungeonbanner	010001.png	9	24	2016-10-04 00:00:00	2016-10-04 00:00:00	0
516	再復刻9弾前半	23080	0	images/dungeonbanner	010001.png	9	27	2016-11-01 00:00:00	2016-11-01 00:00:00	0
517	再復刻9弾後半	23081	0	images/dungeonbanner	010001.png	9	27	2016-11-01 00:00:00	2016-11-01 00:00:00	0
518	再復刻10弾前半	23090	0	images/dungeonbanner	010001.png	9	28	2016-11-29 00:00:00	2016-11-29 00:00:00	0
519	再復刻10弾後半	23091	0	images/dungeonbanner	010001.png	9	28	2016-11-29 00:00:00	2016-11-29 00:00:00	0
520	再復刻11弾前半	23100	0	images/dungeonbanner	010001.png	9	30	2016-12-26 00:00:00	2016-12-26 00:00:00	0
521	再復刻11弾後半	23101	0	images/dungeonbanner	010001.png	9	30	2016-12-26 00:00:00	2016-12-26 00:00:00	0
522	再復刻12弾前半	23110	0	images/dungeonbanner	010001.png	9	32	2017-01-24 00:00:00	2017-01-24 00:00:00	0
523	再復刻12弾後半	23120	0	images/dungeonbanner	010001.png	9	32	2017-01-24 00:00:00	2017-01-24 00:00:00	0
524	再復刻13弾前半	23130	0	images/dungeonbanner	010001.png	9	34	2017-02-21 00:00:00	2017-02-21 00:00:00	0
525	再復刻13弾後半	23131	0	images/dungeonbanner	010001.png	9	34	2017-02-21 00:00:00	2017-02-21 00:00:00	0
526	再復刻14弾前半	23140	0	images/dungeonbanner	010001.png	9	37	2017-02-21 00:00:00	2017-02-21 00:00:00	0
527	再復刻14弾後半	23141	0	images/dungeonbanner	010001.png	9	37	2017-02-21 00:00:00	2017-02-21 00:00:00	0
528	再復刻15弾前半	23150	0	images/dungeonbanner	010001.png	9	39	2017-04-18 00:00:00	2017-04-18 00:00:00	0
529	再復刻15弾後半	23151	0	images/dungeonbanner	010001.png	9	39	2017-04-18 00:00:00	2017-04-18 00:00:00	0
530	再復刻16弾前半	23160	0	images/dungeonbanner	010001.png	9	41	2017-05-16 00:00:00	2017-05-16 00:00:00	0
531	再復刻16弾後半	23161	0	images/dungeonbanner	010001.png	9	41	2017-05-16 00:00:00	2017-05-16 00:00:00	0
532	再復刻17弾前半	23170	0	images/dungeonbanner	010001.png	9	42	2017-05-16 00:00:00	2017-05-16 00:00:00	0
533	再復刻17弾後半	23171	0	images/dungeonbanner	010001.png	9	42	2017-05-16 00:00:00	2017-05-16 00:00:00	0
534	再復刻18弾前半	23180	0	images/dungeonbanner	010001.png	9	43	2017-05-16 00:00:00	2017-05-16 00:00:00	0
535	再復刻18弾後半	23181	0	images/dungeonbanner	010001.png	9	43	2017-05-16 00:00:00	2017-05-16 00:00:00	0
536	再復刻19弾前半	23190	0	images/dungeonbanner	010001.png	9	44	2017-07-10 00:00:00	2017-07-10 00:00:00	0
537	再復刻19弾後半	23191	0	images/dungeonbanner	010001.png	9	44	2017-07-10 00:00:00	2017-07-10 00:00:00	0
538	再復刻20弾前半	23200	0	images/dungeonbanner	010001.png	9	46	2017-08-08 00:00:00	2017-08-08 00:00:00	0
539	再復刻20弾後半	23201	0	images/dungeonbanner	010001.png	9	46	2017-08-08 00:00:00	2017-08-08 00:00:00	0
540	再復刻21弾前半	23210	0	images/dungeonbanner	010001.png	9	47	2017-08-08 00:00:00	2017-08-08 00:00:00	0
541	再復刻21弾後半	23211	0	images/dungeonbanner	010001.png	9	47	2017-08-08 00:00:00	2017-08-08 00:00:00	0
542	再復刻22弾前半	23220	0	images/dungeonbanner	010001.png	9	49	2017-09-06 00:00:00	2017-09-06 00:00:00	0
543	再復刻22弾後半	23221	0	images/dungeonbanner	010001.png	9	49	2017-09-06 00:00:00	2017-09-06 00:00:00	0
544	再復刻23弾前半	23230	0	images/dungeonbanner	010001.png	9	51	2017-10-03 00:00:00	2017-10-03 00:00:00	0
545	再復刻23弾後半	23231	0	images/dungeonbanner	010001.png	9	51	2017-10-03 00:00:00	2017-10-03 00:00:00	0
546	再復刻24弾前半	23240	0	images/dungeonbanner	010001.png	9	52	2017-10-03 00:00:00	2017-10-03 00:00:00	0
547	再復刻24弾後半	23241	0	images/dungeonbanner	010001.png	9	52	2017-10-03 00:00:00	2017-10-03 00:00:00	0
548	再復刻25弾前半	23250	0	images/dungeonbanner	010001.png	9	53	2017-10-31 00:00:00	2017-10-31 00:00:00	0
549	再復刻25弾後半	23251	0	images/dungeonbanner	010001.png	9	53	2017-10-31 00:00:00	2017-10-31 00:00:00	0
550	再復刻26弾前半	23260	0	images/dungeonbanner	010001.png	9	54	2017-11-28 00:00:00	2017-11-28 00:00:00	0
551	再復刻26弾後半	23261	0	images/dungeonbanner	010001.png	9	54	2017-11-28 00:00:00	2017-11-28 00:00:00	0
552	再復刻27弾前半	23270	0	images/dungeonbanner	010001.png	9	55	2017-11-28 00:00:00	2017-11-28 00:00:00	0
553	再復刻27弾後半	23271	0	images/dungeonbanner	010001.png	9	55	2017-11-28 00:00:00	2017-11-28 00:00:00	0
554	再復刻28弾前半	23280	0	images/dungeonbanner	010001.png	9	58	2017-12-25 00:00:00	2017-12-25 00:00:00	0
555	再復刻28弾後半	23281	0	images/dungeonbanner	010001.png	9	58	2017-12-25 00:00:00	2017-12-25 00:00:00	0
556	再復刻29弾前半	23290	0	images/dungeonbanner	010001.png	9	61	2018-01-24 00:00:00	2018-01-24 00:00:00	0
557	再復刻29弾後半	23291	0	images/dungeonbanner	010001.png	9	61	2018-01-24 00:00:00	2018-01-24 00:00:00	0
558	再復刻30弾前半	23300	0	images/dungeonbanner	010001.png	9	62	2018-01-24 00:00:00	2018-01-24 00:00:00	0
559	再復刻30弾後半	23301	0	images/dungeonbanner	010001.png	9	62	2018-01-24 00:00:00	2018-01-24 00:00:00	0
560	再復刻31弾前半	23310	0	images/dungeonbanner	010001.png	9	63	2018-02-21 00:00:00	2018-02-21 00:00:00	0
561	再復刻31弾後半	23311	0	images/dungeonbanner	010001.png	9	63	2018-02-21 00:00:00	2018-02-21 00:00:00	0
562	再復刻32弾前半	23320	0	images/dungeonbanner	010001.png	9	65	2018-03-19 00:00:00	2018-03-19 00:00:00	0
563	再復刻32弾後半	23321	0	images/dungeonbanner	010001.png	9	65	2018-03-19 00:00:00	2018-03-19 00:00:00	0
564	再復刻33弾前半	23330	0	images/dungeonbanner	010001.png	9	66	2018-03-19 00:00:00	2018-03-19 00:00:00	0
565	再復刻33弾後半	23331	0	images/dungeonbanner	010001.png	9	66	2018-03-19 00:00:00	2018-03-19 00:00:00	0
566	再復刻34弾前半	23340	0	images/dungeonbanner	010001.png	9	71	2018-04-18 00:00:00	2018-04-18 00:00:00	0
567	再復刻34弾後半	23341	0	images/dungeonbanner	010001.png	9	71	2018-04-18 00:00:00	2018-04-18 00:00:00	0
568	再復刻35弾前半	23350	0	images/dungeonbanner	010001.png	9	72	2018-05-15 00:00:00	2018-05-15 00:00:00	0
569	再復刻35弾後半	23351	0	images/dungeonbanner	010001.png	9	72	2018-05-15 00:00:00	2018-05-15 00:00:00	0
570	再復刻36弾前半	23360	0	images/dungeonbanner	010001.png	9	73	2018-05-15 00:00:00	2018-05-15 00:00:00	0
571	再復刻36弾後半	23361	0	images/dungeonbanner	010001.png	9	73	2018-05-15 00:00:00	2018-05-15 00:00:00	0
572	再復刻37弾前半	23370	0	images/dungeonbanner	010001.png	9	74	2018-06-12 00:00:00	2018-06-12 00:00:00	0
573	再復刻37弾後半	23371	0	images/dungeonbanner	010001.png	9	74	2018-06-12 00:00:00	2018-06-12 00:00:00	0
574	再復刻38弾前半	23380	0	images/dungeonbanner	010001.png	9	76	2018-07-11 00:00:00	2018-07-11 00:00:00	0
575	再復刻38弾後半	23381	0	images/dungeonbanner	010001.png	9	76	2018-07-11 00:00:00	2018-07-11 00:00:00	0
576	再復刻39弾前半	23390	0	images/dungeonbanner	010001.png	9	77	2018-07-11 00:00:00	2018-07-11 00:00:00	0
577	再復刻39弾後半	23391	0	images/dungeonbanner	010001.png	9	77	2018-07-11 00:00:00	2018-07-11 00:00:00	0
578	再復刻40弾前半	23400	0	images/dungeonbanner	010001.png	9	83	2018-08-07 00:00:00	2018-08-07 00:00:00	0
579	再復刻40弾後半	23401	0	images/dungeonbanner	010001.png	9	83	2018-08-07 00:00:00	2018-08-07 00:00:00	0
580	再復刻41弾前半	23410	0	images/dungeonbanner	010001.png	9	85	2018-09-05 00:00:00	2018-09-05 00:00:00	0
581	再復刻41弾後半	23411	0	images/dungeonbanner	010001.png	9	85	2018-09-05 00:00:00	2018-09-05 00:00:00	0
582	再復刻42弾前半	23420	0	images/dungeonbanner	010001.png	9	86	2018-09-05 00:00:00	2018-09-05 00:00:00	0
583	再復刻42弾後半	23421	0	images/dungeonbanner	010001.png	9	86	2018-09-05 00:00:00	2018-09-05 00:00:00	0
584	再復刻43弾前半	23430	0	images/dungeonbanner	010001.png	9	89	2018-10-02 00:00:00	2018-10-02 00:00:00	0
585	再復刻43弾後半	23431	0	images/dungeonbanner	010001.png	9	89	2018-10-02 00:00:00	2018-10-02 00:00:00	0
586	再復刻44弾前半	23440	0	images/dungeonbanner	010001.png	9	90	2018-10-30 00:00:00	2018-10-30 00:00:00	0
587	再復刻44弾後半	23441	0	images/dungeonbanner	010001.png	9	90	2018-10-30 00:00:00	2018-10-30 00:00:00	0
588	再復刻45弾前半	23450	0	images/dungeonbanner	010001.png	9	91	2018-10-30 00:00:00	2018-10-30 00:00:00	0
589	再復刻45弾後半	23451	0	images/dungeonbanner	010001.png	9	91	2018-10-30 00:00:00	2018-10-30 00:00:00	0
590	再復刻46弾前半	23460	0	images/dungeonbanner	010001.png	9	93	2018-11-27 00:00:00	2018-11-27 00:00:00	0
591	再復刻46弾後半	23461	0	images/dungeonbanner	010001.png	9	93	2018-11-27 00:00:00	2018-11-27 00:00:00	0
600	再復刻47弾前半	23470	0	images/dungeonbanner	010001.png	9	96	2018-12-28 00:00:00	2018-12-28 00:00:00	0
601	再復刻47弾後半	23471	0	images/dungeonbanner	010001.png	9	96	2018-12-28 00:00:00	2018-12-28 00:00:00	0
610	再復刻48弾前半	23480	0	images/dungeonbanner	010001.png	9	95	2018-11-27 00:00:00	2018-11-27 00:00:00	0
611	再復刻48弾後半	23481	0	images/dungeonbanner	010001.png	9	95	2018-11-27 00:00:00	2018-11-27 00:00:00	0
620	再復刻48弾前半	23490	0	images/dungeonbanner	010001.png	9	100	2018-11-27 00:00:00	2018-11-27 00:00:00	0
621	再復刻48弾後半	23491	0	images/dungeonbanner	010001.png	9	100	2019-01-29 00:00:00	2019-01-29 00:00:00	0
622	再復刻50弾前半	23500	0	images/dungeonbanner	010001.png	9	102	2019-02-25 00:00:00	2019-02-25 00:00:00	0
623	再復刻50弾後半	23501	0	images/dungeonbanner	010001.png	9	102	2019-02-25 00:00:00	2019-02-25 00:00:00	0
624	再復刻51弾前半	23520	0	images/dungeonbanner	010001.png	9	103	2019-02-26 00:00:00	2019-02-26 00:00:00	0
625	再復刻51弾後半	23521	0	images/dungeonbanner	010001.png	9	103	2019-02-26 00:00:00	2019-02-26 00:00:00	0
626	再復刻52弾前半	23530	0	images/dungeonbanner	010001.png	9	104	2019-03-27 00:00:00	2019-03-27 00:00:00	0
627	再復刻52弾後半	23531	0	images/dungeonbanner	010001.png	9	104	2019-03-27 00:00:00	2019-03-27 00:00:00	0
628	再復刻53弾前半	23540	0	images/dungeonbanner	010001.png	9	105	2019-03-27 00:00:00	2019-03-27 00:00:00	0
629	再復刻53弾後半	23541	0	images/dungeonbanner	010001.png	9	105	2019-03-27 00:00:00	2019-03-27 00:00:00	0
630	再復刻54弾前半	23550	0	images/dungeonbanner	010001.png	9	107	2019-04-23 00:00:00	2019-04-23 00:00:00	0
631	再復刻54弾後半	23551	0	images/dungeonbanner	010001.png	9	107	2019-04-23 00:00:00	2019-04-23 00:00:00	0
632	再復刻55弾前半	23560	0	images/dungeonbanner	010001.png	9	108	2019-04-23 00:00:00	2019-04-23 00:00:00	0
633	再復刻55弾後半	23561	0	images/dungeonbanner	010001.png	9	108	2019-04-23 00:00:00	2019-04-23 00:00:00	0
634	再復刻56弾前半	23570	0	images/dungeonbanner	010001.png	9	110	2019-05-21 00:00:00	2019-05-21 00:00:00	0
635	再復刻56弾後半	23571	0	images/dungeonbanner	010001.png	9	110	2019-05-21 00:00:00	2019-05-21 00:00:00	0
636	再復刻57弾前半	23580	0	images/dungeonbanner	010001.png	9	111	2019-05-21 00:00:00	2019-05-21 00:00:00	0
637	再復刻57弾後半	23581	0	images/dungeonbanner	010001.png	9	111	2019-05-21 00:00:00	2019-05-21 00:00:00	0
638	再復刻58弾前半	23590	0	images/dungeonbanner	010001.png	9	113	2019-06-18 00:00:00	2019-06-18 00:00:00	0
639	再復刻58弾後半	23591	0	images/dungeonbanner	010001.png	9	113	2019-06-18 00:00:00	2019-06-18 00:00:00	0
640	再復刻59弾前半	23600	0	images/dungeonbanner	010001.png	9	114	2019-06-18 00:00:00	2019-06-18 00:00:00	0
641	再復刻59弾後半	23601	0	images/dungeonbanner	010001.png	9	114	2019-06-18 00:00:00	2019-06-18 00:00:00	0
642	再復刻60弾前半	23610	0	images/dungeonbanner	010001.png	9	115	2019-07-17 00:00:00	2019-07-17 00:00:00	0
643	再復刻60弾後半	23611	0	images/dungeonbanner	010001.png	9	115	2019-07-17 00:00:00	2019-07-17 00:00:00	0
644	再復刻61弾前半	23620	0	images/dungeonbanner	010001.png	9	116	2019-07-17 00:00:00	2019-07-17 00:00:00	0
645	再復刻61弾後半	23621	0	images/dungeonbanner	010001.png	9	116	2019-07-17 00:00:00	2019-07-17 00:00:00	0
646	再復刻62弾前半	23630	0	images/dungeonbanner	010001.png	9	119	2019-08-08 00:00:00	2019-08-08 00:00:00	0
647	再復刻62弾後半	23631	0	images/dungeonbanner	010001.png	9	119	2019-08-08 00:00:00	2019-08-08 00:00:00	0
648	再復刻63弾前半	23640	0	images/dungeonbanner	010001.png	9	120	2019-08-08 00:00:00	2019-08-08 00:00:00	0
649	再復刻63弾後半	23641	0	images/dungeonbanner	010001.png	9	120	2019-08-08 00:00:00	2019-08-08 00:00:00	0
650	再復刻64弾前半	23650	0	images/dungeonbanner	010001.png	9	130	2019-09-09 00:00:00	2019-09-09 00:00:00	0
651	再復刻64弾後半	23651	0	images/dungeonbanner	010001.png	9	130	2019-09-09 00:00:00	2019-09-09 00:00:00	0
652	再復刻65弾前半	23660	0	images/dungeonbanner	010001.png	9	131	2019-09-09 00:00:00	2019-09-09 00:00:00	0
653	再復刻65弾後半	23661	0	images/dungeonbanner	010001.png	9	131	2019-09-09 00:00:00	2019-09-09 00:00:00	0
654	再復刻66弾前半	23670	0	images/dungeonbanner	010001.png	9	134	2019-10-03 00:00:00	2019-10-03 00:00:00	0
655	再復刻66弾後半	23671	0	images/dungeonbanner	010001.png	9	134	2019-10-03 00:00:00	2019-10-03 00:00:00	0
656	再復刻67弾前半	23680	0	images/dungeonbanner	010001.png	9	135	2019-10-03 00:00:00	2019-10-03 00:00:00	0
657	再復刻67弾後半	23681	0	images/dungeonbanner	010001.png	9	135	2019-10-03 00:00:00	2019-10-03 00:00:00	0
658	再復刻68弾前半	23690	0	images/dungeonbanner	010001.png	9	138	2019-11-06 00:00:00	2019-11-06 00:00:00	0
659	再復刻68弾後半	23691	0	images/dungeonbanner	010001.png	9	138	2019-11-06 00:00:00	2019-11-06 00:00:00	0
660	再復刻69弾前半	23700	0	images/dungeonbanner	010001.png	9	139	2019-11-06 00:00:00	2019-11-06 00:00:00	0
661	再復刻69弾後半	23701	0	images/dungeonbanner	010001.png	9	139	2019-11-06 00:00:00	2019-11-06 00:00:00	0
662	再復刻70弾前半	23710	0	images/dungeonbanner	010001.png	9	142	2019-11-29 00:00:00	2019-11-29 00:00:00	0
663	再復刻70弾後半	23711	0	images/dungeonbanner	010001.png	9	142	2019-11-29 00:00:00	2019-11-29 00:00:00	0
664	再復刻71弾前半	23720	0	images/dungeonbanner	010001.png	9	143	2019-11-29 00:00:00	2019-11-29 00:00:00	0
665	再復刻71弾後半	23721	0	images/dungeonbanner	010001.png	9	143	2019-11-29 00:00:00	2019-11-29 00:00:00	0
666	再復刻72弾前半	23730	0	images/dungeonbanner	010001.png	9	145	2020-01-07 00:00:00	2020-01-07 00:00:00	0
667	再復刻72弾後半	23731	0	images/dungeonbanner	010001.png	9	145	2020-01-07 00:00:00	2020-01-07 00:00:00	0
668	再復刻73弾前半	23740	0	images/dungeonbanner	010001.png	9	146	2020-01-07 00:00:00	2020-01-07 00:00:00	0
669	再復刻73弾後半	23741	0	images/dungeonbanner	010001.png	9	146	2020-01-07 00:00:00	2020-01-07 00:00:00	0
670	再復刻74弾前半	23750	0	images/dungeonbanner	010001.png	9	149	2020-02-03 00:00:00	2020-02-03 00:00:00	0
671	再復刻74弾後半	23751	0	images/dungeonbanner	010001.png	9	149	2020-02-03 00:00:00	2020-02-03 00:00:00	0
672	再復刻75弾前半	23760	0	images/dungeonbanner	010001.png	9	150	2020-02-03 00:00:00	2020-02-03 00:00:00	0
673	再復刻75弾後半	23761	0	images/dungeonbanner	010001.png	9	150	2020-02-03 00:00:00	2020-02-03 00:00:00	0
674	再復刻76弾前半	23770	0	images/dungeonbanner	010001.png	9	153	2020-03-02 00:00:00	2020-03-02 00:00:00	0
675	再復刻76弾後半	23771	0	images/dungeonbanner	010001.png	9	153	2020-03-02 00:00:00	2020-03-02 00:00:00	0
676	再復刻77弾前半	23790	0	images/dungeonbanner	010001.png	9	154	2020-03-02 00:00:00	2020-03-02 00:00:00	0
677	再復刻77弾後半	23791	0	images/dungeonbanner	010001.png	9	154	2020-03-02 00:00:00	2020-03-02 00:00:00	0
678	再復刻78弾前半	23800	0	images/dungeonbanner	010001.png	9	156	2020-03-30 00:00:00	2020-03-30 00:00:00	0
679	再復刻78弾後半	23801	0	images/dungeonbanner	010001.png	9	156	2020-03-30 00:00:00	2020-03-30 00:00:00	0
680	再復刻79弾前半	23810	0	images/dungeonbanner	010001.png	9	157	2020-03-30 00:00:00	2020-03-30 00:00:00	0
681	再復刻79弾後半	23811	0	images/dungeonbanner	010001.png	9	157	2020-03-30 00:00:00	2020-03-30 00:00:00	0
682	再復刻80弾前半	23820	0	images/dungeonbanner	010001.png	9	159	2020-04-20 00:00:00	2020-04-20 00:00:00	0
683	再復刻80弾後半	23821	0	images/dungeonbanner	010001.png	9	159	2020-04-20 00:00:00	2020-04-20 00:00:00	0
684	再復刻81弾前半	23830	0	images/dungeonbanner	010001.png	9	160	2020-04-20 00:00:00	2020-04-20 00:00:00	0
685	再復刻81弾後半	23831	0	images/dungeonbanner	010001.png	9	160	2020-04-20 00:00:00	2020-04-20 00:00:00	0
686	再復刻82弾前半	23840	0	images/dungeonbanner	010001.png	9	166	2020-05-26 00:00:00	2020-05-26 00:00:00	0
687	再復刻82弾後半	23841	0	images/dungeonbanner	010001.png	9	166	2020-05-26 00:00:00	2020-05-26 00:00:00	0
688	再復刻83弾前半	23850	0	images/dungeonbanner	010001.png	9	167	2020-05-26 00:00:00	2020-05-26 00:00:00	0
689	再復刻83弾後半	23851	0	images/dungeonbanner	010001.png	9	167	2020-05-26 00:00:00	2020-05-26 00:00:00	0
690	再復刻84弾前半	23860	0	images/dungeonbanner	010001.png	9	169	2020-06-23 00:00:00	2020-06-23 00:00:00	0
691	再復刻84弾後半	23861	0	images/dungeonbanner	010001.png	9	169	2020-06-23 00:00:00	2020-06-23 00:00:00	0
692	再復刻85弾前半	23870	0	images/dungeonbanner	010001.png	9	170	2020-06-23 00:00:00	2020-06-23 00:00:00	0
693	再復刻85弾後半	23871	0	images/dungeonbanner	010001.png	9	170	2020-06-23 00:00:00	2020-06-23 00:00:00	0
694	再復刻86弾前半	23880	0	images/dungeonbanner	010001.png	9	172	2020-07-21 00:00:00	2020-07-21 00:00:00	0
695	再復刻86弾後半	23881	0	images/dungeonbanner	010001.png	9	172	2020-07-21 00:00:00	2020-07-21 00:00:00	0
696	再復刻87弾前半	23890	0	images/dungeonbanner	010001.png	9	173	2020-07-21 00:00:00	2020-07-21 00:00:00	0
697	再復刻87弾後半	23891	0	images/dungeonbanner	010001.png	9	173	2020-07-21 00:00:00	2020-07-21 00:00:00	0
698	再復刻88弾前半	23900	0	images/dungeonbanner	010001.png	9	176	2020-08-18 00:00:00	2020-08-18 00:00:00	0
699	再復刻88弾後半	23901	0	images/dungeonbanner	010001.png	9	176	2020-08-18 00:00:00	2020-08-18 00:00:00	0
700	再復刻89弾前半	23910	0	images/dungeonbanner	010001.png	9	177	2020-08-18 00:00:00	2020-08-18 00:00:00	0
701	再復刻89弾後半	23911	0	images/dungeonbanner	010001.png	9	177	2020-08-18 00:00:00	2020-08-18 00:00:00	0
702	再復刻90弾前半	23920	0	images/dungeonbanner	010001.png	9	180	2020-09-14 00:00:00	2020-09-14 00:00:00	0
703	再復刻90弾後半	23921	0	images/dungeonbanner	010001.png	9	180	2020-09-14 00:00:00	2020-09-14 00:00:00	0
704	再復刻91弾前半	23930	0	images/dungeonbanner	010001.png	9	181	2020-09-14 00:00:00	2020-09-14 00:00:00	0
705	再復刻91弾後半	23931	0	images/dungeonbanner	010001.png	9	181	2020-09-14 00:00:00	2020-09-14 00:00:00	0
706	再復刻92弾前半	23940	0	images/dungeonbanner	010001.png	9	182	2020-10-12 00:00:00	2020-10-12 00:00:00	0
707	再復刻92弾後半	23941	0	images/dungeonbanner	010001.png	9	182	2020-10-12 00:00:00	2020-10-12 00:00:00	0
708	再復刻93弾前半	23950	0	images/dungeonbanner	010001.png	9	183	2020-10-12 00:00:00	2020-10-12 00:00:00	0
709	再復刻93弾後半	23951	0	images/dungeonbanner	010001.png	9	183	2020-10-12 00:00:00	2020-10-12 00:00:00	0
710	再復刻94弾前半	23960	0	images/dungeonbanner	010001.png	9	190	2020-11-10 00:00:00	2020-11-10 00:00:00	0
711	再復刻94弾後半	23961	0	images/dungeonbanner	010001.png	9	190	2020-11-10 00:00:00	2020-11-10 00:00:00	0
712	再復刻95弾前半	23970	0	images/dungeonbanner	010001.png	9	191	2020-11-10 00:00:00	2020-11-10 00:00:00	0
713	再復刻95弾後半	23971	0	images/dungeonbanner	010001.png	9	191	2020-11-10 00:00:00	2020-11-10 00:00:00	0
714	再復刻96弾前半	23980	0	images/dungeonbanner	010001.png	9	193	2020-12-08 00:00:00	2020-12-08 00:00:00	0
715	再復刻96弾後半	23981	0	images/dungeonbanner	010001.png	9	193	2020-12-08 00:00:00	2020-12-08 00:00:00	0
716	再復刻97弾前半	23990	0	images/dungeonbanner	010001.png	9	194	2020-12-08 00:00:00	2020-12-08 00:00:00	0
717	再復刻97弾後半	23991	0	images/dungeonbanner	010001.png	9	194	2020-12-08 00:00:00	2020-12-08 00:00:00	0
718	再復刻98弾前半	24000	0	images/dungeonbanner	010001.png	9	199	2021-01-13 00:00:00	2021-01-13 00:00:00	0
719	再復刻98弾後半	24001	0	images/dungeonbanner	010001.png	9	199	2021-01-13 00:00:00	2021-01-13 00:00:00	0
720	再復刻99弾前半	24010	0	images/dungeonbanner	010001.png	9	200	2021-01-13 00:00:00	2021-01-13 00:00:00	0
721	再復刻99弾後半	24011	0	images/dungeonbanner	010001.png	9	200	2021-01-13 00:00:00	2021-01-13 00:00:00	0
722	再復刻100弾前半	24020	0	images/dungeonbanner	010001.png	9	205	2021-02-10 00:00:00	2021-02-10 00:00:00	0
723	再復刻100弾後半	24021	0	images/dungeonbanner	010001.png	9	205	2021-02-10 00:00:00	2021-02-10 00:00:00	0
724	再復刻100弾特別	24022	0	images/dungeonbanner	010001.png	9	205	2021-02-10 00:00:00	2021-02-10 00:00:00	0
725	再復刻100弾特別	24023	0	images/dungeonbanner	010001.png	9	205	2021-02-10 00:00:00	2021-02-10 00:00:00	0
726	再復刻101弾前半	24030	0	images/dungeonbanner	010001.png	9	206	2021-02-10 00:00:00	2021-02-10 00:00:00	0
727	再復刻101弾後半	24031	0	images/dungeonbanner	010001.png	9	206	2021-02-10 00:00:00	2021-02-10 00:00:00	0
728	再復刻102弾前半	24040	0	images/dungeonbanner	010001.png	9	207	2021-03-10 00:00:00	2021-03-10 00:00:00	0
729	再復刻102弾後半	24041	0	images/dungeonbanner	010001.png	9	207	2021-03-10 00:00:00	2021-03-10 00:00:00	0
730	再復刻103弾前半	24050	0	images/dungeonbanner	010001.png	9	208	2021-03-10 00:00:00	2021-03-10 00:00:00	0
731	再復刻103弾後半	24051	0	images/dungeonbanner	010001.png	9	208	2021-03-10 00:00:00	2021-03-10 00:00:00	0
732	再復刻104弾前半	24060	0	images/dungeonbanner	010001.png	9	212	2021-04-07 00:00:00	2021-04-08 00:00:00	0
733	再復刻104弾後半	24061	0	images/dungeonbanner	010001.png	9	212	2021-04-07 00:00:00	2021-04-08 00:00:00	0
734	再復刻105弾前半	24070	0	images/dungeonbanner	010001.png	9	213	2021-04-07 00:00:00	2021-04-08 00:00:00	0
735	再復刻105弾後半	24071	0	images/dungeonbanner	010001.png	9	213	2021-04-07 00:00:00	2021-04-08 00:00:00	0
736	再復刻106弾前半	24080	0	images/dungeonbanner	010001.png	9	214	2021-04-30 00:00:00	2021-04-30 00:00:00	0
737	再復刻106弾後半	24081	0	images/dungeonbanner	010001.png	9	214	2021-04-30 00:00:00	2021-04-30 00:00:00	0
738	再復刻107弾前半	24090	0	images/dungeonbanner	010001.png	9	215	2021-04-30 00:00:00	2021-04-30 00:00:00	0
739	再復刻107弾後半	24091	0	images/dungeonbanner	010001.png	9	215	2021-04-30 00:00:00	2021-04-30 00:00:00	0
740	再復刻108弾前半	24100	0	images/dungeonbanner	010001.png	9	217	2021-06-02 00:00:00	2021-06-02 00:00:00	0
741	再復刻108弾後半	24101	0	images/dungeonbanner	010001.png	9	217	2021-06-02 00:00:00	2021-06-02 00:00:00	0
742	再復刻109弾前半	24110	0	images/dungeonbanner	010001.png	9	218	2021-06-02 00:00:00	2021-06-02 00:00:00	0
743	再復刻109弾後半	24111	0	images/dungeonbanner	010001.png	9	218	2021-06-02 00:00:00	2021-06-02 00:00:00	0
744	再復刻110弾前半	24120	0	images/dungeonbanner	010001.png	9	220	2021-06-28 00:00:00	2021-06-28 00:00:00	0
745	再復刻110弾後半	24121	0	images/dungeonbanner	010001.png	9	220	2021-06-28 00:00:00	2021-06-28 00:00:00	0
746	再復刻111弾前半	24130	0	images/dungeonbanner	010001.png	9	221	2021-06-28 00:00:00	2021-06-28 00:00:00	0
747	再復刻111弾後半	24131	0	images/dungeonbanner	010001.png	9	221	2021-06-28 00:00:00	2021-06-28 00:00:00	0
748	再復刻112弾前半	24150	0	images/dungeonbanner	010001.png	9	225	2021-07-28 00:00:00	2021-07-28 00:00:00	0
749	再復刻112弾後半	24151	0	images/dungeonbanner	010001.png	9	225	2021-07-28 00:00:00	2021-07-28 00:00:00	0
750	再復刻113弾前半	24160	0	images/dungeonbanner	010001.png	9	226	2021-07-28 00:00:00	2021-07-28 00:00:00	0
751	再復刻113弾後半	24161	0	images/dungeonbanner	010001.png	9	226	2021-07-28 00:00:00	2021-07-28 00:00:00	0
752	再復刻114弾前半	24170	0	images/dungeonbanner	010001.png	9	228	2021-08-24 00:00:00	2021-08-24 00:00:00	0
753	再復刻114弾後半	24171	0	images/dungeonbanner	010001.png	9	228	2021-08-24 00:00:00	2021-08-24 00:00:00	0
754	再復刻115弾前半	24180	0	images/dungeonbanner	010001.png	9	229	2021-08-24 00:00:00	2021-08-24 00:00:00	0
755	再復刻115弾後半	24181	0	images/dungeonbanner	010001.png	9	229	2021-08-24 00:00:00	2021-08-24 00:00:00	0
756	再復刻116弾前半	24190	0	images/dungeonbanner	010001.png	9	233	2021-09-21 00:00:00	2021-09-21 00:00:00	0
757	再復刻116弾後半	24191	0	images/dungeonbanner	010001.png	9	233	2021-09-21 00:00:00	2021-09-21 00:00:00	0
758	再復刻117弾前半	24200	0	images/dungeonbanner	010001.png	9	234	2021-09-21 00:00:00	2021-09-21 00:00:00	0
759	再復刻117弾後半	24201	0	images/dungeonbanner	010001.png	9	234	2021-09-21 00:00:00	2021-09-21 00:00:00	0
760	再復刻118弾前半	24210	0	images/dungeonbanner	010001.png	9	239	2021-10-20 00:00:00	2021-10-20 00:00:00	0
761	再復刻118弾後半	24211	0	images/dungeonbanner	010001.png	9	239	2021-10-20 00:00:00	2021-10-20 00:00:00	0
762	再復刻119弾前半	24220	0	images/dungeonbanner	010001.png	9	240	2021-10-20 00:00:00	2021-10-20 00:00:00	0
763	再復刻119弾後半	24221	0	images/dungeonbanner	010001.png	9	240	2021-10-20 00:00:00	2021-10-20 00:00:00	0
1441	イベント225弾	5300	2174	images/dungeonbanner	Qp88petVJiAEM09tnB4.png	11	1	2023-09-05 00:00:00	2023-09-05 00:00:00	0
1500	復刻105弾前半	14070	0	images/dungeonbanner	010001.png	9	6	2019-07-23 00:00:00	2019-07-23 00:00:00	0
1501	復刻105弾後半	14071	0	images/dungeonbanner	010001.png	9	6	2019-07-23 00:00:00	2019-07-23 00:00:00	0
1502	復刻106弾前半	14080	0	images/dungeonbanner	010001.png	9	4	2019-08-06 00:00:00	2019-08-06 00:00:00	0
1503	復刻106弾後半	14081	0	images/dungeonbanner	010001.png	9	4	2019-08-06 00:00:00	2019-08-06 00:00:00	0
1504	復刻107弾前半	14090	0	images/dungeonbanner	010001.png	9	6	2019-08-19 00:00:00	2019-08-19 00:00:00	0
1505	復刻107弾後半	14091	0	images/dungeonbanner	010001.png	9	6	2019-08-19 00:00:00	2019-08-19 00:00:00	0
1506	復刻108弾前半	14100	0	images/dungeonbanner	010001.png	9	4	2019-09-03 00:00:00	2019-09-03 00:00:00	0
1507	復刻108弾後半	14101	0	images/dungeonbanner	010001.png	9	4	2019-09-03 00:00:00	2019-09-03 00:00:00	0
1508	復刻109弾前半	14110	0	images/dungeonbanner	010001.png	9	6	2019-09-18 00:00:00	2019-09-18 00:00:00	0
1509	復刻109弾後半	14111	0	images/dungeonbanner	010001.png	9	6	2019-09-18 00:00:00	2019-09-18 00:00:00	0
1510	復刻110弾前半	14120	0	images/dungeonbanner	010001.png	9	4	2019-10-01 00:00:00	2019-10-01 00:00:00	0
1511	復刻110弾後半	14121	0	images/dungeonbanner	010001.png	9	4	2019-10-01 00:00:00	2019-10-01 00:00:00	0
1512	復刻111弾前半	14130	0	images/dungeonbanner	010001.png	9	6	2019-10-15 00:00:00	2019-10-15 00:00:00	0
1513	復刻111弾後半	14131	0	images/dungeonbanner	010001.png	9	6	2019-10-15 00:00:00	2019-10-15 00:00:00	0
1514	復刻112弾前半	14150	0	images/dungeonbanner	010001.png	9	4	2019-10-29 00:00:00	2019-10-29 00:00:00	0
1515	復刻112弾後半	14151	0	images/dungeonbanner	010001.png	9	4	2019-10-29 00:00:00	2019-10-29 00:00:00	0
1516	復刻113弾前半	14160	0	images/dungeonbanner	010001.png	9	6	2019-11-12 00:00:00	2019-11-12 00:00:00	0
1517	復刻113弾前半	14161	0	images/dungeonbanner	010001.png	9	6	2019-11-12 00:00:00	2019-11-12 00:00:00	0
1518	復刻114弾前半	14170	0	images/dungeonbanner	010001.png	9	4	2019-11-21 00:00:00	2019-11-21 00:00:00	0
1519	復刻114弾後半	14171	0	images/dungeonbanner	010001.png	9	4	2019-11-21 00:00:00	2019-11-21 00:00:00	0
1520	復刻115弾前半	14180	0	images/dungeonbanner	010001.png	9	6	2019-12-06 00:00:00	2019-12-06 00:00:00	0
1521	復刻115弾後半	14181	0	images/dungeonbanner	010001.png	9	6	2019-12-06 00:00:00	2019-12-06 00:00:00	0
1522	復刻116弾前半	14190	0	images/dungeonbanner	010001.png	9	144	2019-12-09 00:00:00	2019-12-09 00:00:00	0
1523	復刻116弾後半	14191	0	images/dungeonbanner	010001.png	9	144	2019-12-09 00:00:00	2019-12-09 00:00:00	0
1524	復刻117弾前半	14200	0	images/dungeonbanner	010001.png	9	4	2020-01-07 00:00:00	2020-01-07 00:00:00	0
1525	復刻117弾後半	14201	0	images/dungeonbanner	010001.png	9	4	2020-01-07 00:00:00	2020-01-07 00:00:00	0
1526	復刻118弾前半	14210	0	images/dungeonbanner	010001.png	9	6	2020-01-21 00:00:00	2020-01-21 00:00:00	0
1527	復刻118弾後半	14211	0	images/dungeonbanner	010001.png	9	6	2020-01-21 00:00:00	2020-01-21 00:00:00	0
1528	復刻119弾前半	14220	0	images/dungeonbanner	010001.png	9	4	2020-02-03 00:00:00	2020-02-03 00:00:00	0
1529	復刻119弾後半	14221	0	images/dungeonbanner	010001.png	9	4	2020-02-03 00:00:00	2020-02-03 00:00:00	0
1530	復刻120弾前半	14230	0	images/dungeonbanner	010001.png	9	6	2020-02-18 00:00:00	2020-02-18 00:00:00	0
1531	復刻120弾後半	14231	0	images/dungeonbanner	010001.png	9	6	2020-02-18 00:00:00	2020-02-18 00:00:00	0
1532	復刻121弾前半	14240	0	images/dungeonbanner	010001.png	9	4	2020-03-02 00:00:00	2020-03-02 00:00:00	0
1533	復刻121弾後半	14241	0	images/dungeonbanner	010001.png	9	4	2020-03-02 00:00:00	2020-03-02 00:00:00	0
1534	復刻122弾前半	14250	0	images/dungeonbanner	010001.png	9	6	2020-03-16 00:00:00	2020-03-16 00:00:00	0
1535	復刻122弾後半	14251	0	images/dungeonbanner	010001.png	9	6	2020-03-16 00:00:00	2020-03-16 00:00:00	0
1536	復刻123弾前半	14260	0	images/dungeonbanner	010001.png	9	4	2020-03-30 00:00:00	2020-03-30 00:00:00	0
1537	復刻123弾後半	14261	0	images/dungeonbanner	010001.png	9	4	2020-03-30 00:00:00	2020-03-30 00:00:00	0
1538	復刻124弾前半	14270	0	images/dungeonbanner	010001.png	9	6	2020-04-10 00:00:00	2020-04-10 00:00:00	0
1539	復刻124弾後半	14271	0	images/dungeonbanner	010001.png	9	6	2020-04-10 00:00:00	2020-04-10 00:00:00	0
1540	復刻125弾前半	14280	0	images/dungeonbanner	010001.png	9	158	2020-04-20 00:00:00	2020-04-20 00:00:00	0
1541	復刻125弾後半	14281	0	images/dungeonbanner	010001.png	9	158	2020-04-20 00:00:00	2020-04-20 00:00:00	0
1542	復刻126弾前半	14290	0	images/dungeonbanner	010001.png	9	4	2020-05-11 00:00:00	2020-05-11 00:00:00	0
1543	復刻126弾後半	14291	0	images/dungeonbanner	010001.png	9	4	2020-05-11 00:00:00	2020-05-11 00:00:00	0
1544	復刻127弾前半	14300	0	images/dungeonbanner	010001.png	9	6	2020-05-26 00:00:00	2020-05-26 00:00:00	0
1545	復刻127弾後半	14301	0	images/dungeonbanner	010001.png	9	6	2020-05-26 00:00:00	2020-05-26 00:00:00	0
1546	復刻128弾前半	14310	0	images/dungeonbanner	010001.png	9	4	2020-06-10 00:00:00	2020-06-10 00:00:00	0
1547	復刻128弾後半	14311	0	images/dungeonbanner	010001.png	9	4	2020-06-10 00:00:00	2020-06-10 00:00:00	0
1548	復刻129弾前半	14320	0	images/dungeonbanner	010001.png	9	6	2020-06-23 00:00:00	2020-06-23 00:00:00	0
1549	復刻129弾後半	14321	0	images/dungeonbanner	010001.png	9	6	2020-06-23 00:00:00	2020-06-23 00:00:00	0
1550	復刻130弾前半	14330	0	images/dungeonbanner	010001.png	9	4	2020-07-06 00:00:00	2020-07-06 00:00:00	0
1551	復刻130弾後半	14331	0	images/dungeonbanner	010001.png	9	4	2020-07-06 00:00:00	2020-07-06 00:00:00	0
1552	復刻131弾前半	14340	0	images/dungeonbanner	010001.png	9	6	2020-07-21 00:00:00	2020-07-21 00:00:00	0
1553	復刻131弾後半	14341	0	images/dungeonbanner	010001.png	9	6	2020-07-21 00:00:00	2020-07-21 00:00:00	0
1554	復刻132弾前半	14350	0	images/dungeonbanner	010001.png	9	4	2020-08-04 00:00:00	2020-08-04 00:00:00	0
1555	復刻132弾後半	14351	0	images/dungeonbanner	010001.png	9	4	2020-08-04 00:00:00	2020-08-04 00:00:00	0
1556	復刻133弾前半	14360	0	images/dungeonbanner	010001.png	9	6	2020-08-17 00:00:00	2020-08-17 00:00:00	0
1557	復刻133弾後半	14361	0	images/dungeonbanner	010001.png	9	6	2020-08-17 00:00:00	2020-08-17 00:00:00	0
1558	復刻134弾前半	14370	0	images/dungeonbanner	010001.png	9	4	2020-08-31 00:00:00	2020-08-31 00:00:00	0
1559	復刻134弾後半	14371	0	images/dungeonbanner	010001.png	9	4	2020-08-31 00:00:00	2020-08-31 00:00:00	0
1560	復刻135弾前半	14380	0	images/dungeonbanner	010001.png	9	6	2020-09-14 00:00:00	2020-09-14 00:00:00	0
1561	復刻135弾後半	14381	0	images/dungeonbanner	010001.png	9	6	2020-09-14 00:00:00	2020-09-14 00:00:00	0
1562	復刻136弾前半	14390	0	images/dungeonbanner	010001.png	9	4	2020-09-30 00:00:00	2020-09-30 00:00:00	0
1563	復刻136弾前半	14391	0	images/dungeonbanner	010001.png	9	4	2020-09-30 00:00:00	2020-09-30 00:00:00	0
1564	復刻137弾前半	14400	0	images/dungeonbanner	010001.png	9	6	2020-10-12 00:00:00	2020-10-12 00:00:00	0
1565	復刻137弾後半	14401	0	images/dungeonbanner	010001.png	9	6	2020-10-12 00:00:00	2020-10-12 00:00:00	0
1566	復刻138弾前半	14410	0	images/dungeonbanner	010001.png	9	4	2020-10-27 00:00:00	2020-10-27 00:00:00	0
1567	復刻138弾後半	14411	0	images/dungeonbanner	010001.png	9	4	2020-10-27 00:00:00	2020-10-27 00:00:00	0
1568	復刻140弾前半	14430	0	images/dungeonbanner	010001.png	9	6	2020-11-10 00:00:00	2020-11-10 00:00:00	0
1569	復刻140弾後半	14431	0	images/dungeonbanner	010001.png	9	6	2020-11-10 00:00:00	2020-11-10 00:00:00	0
1570	復刻141弾前半	14440	0	images/dungeonbanner	010001.png	9	4	2020-11-25 00:00:00	2020-11-25 00:00:00	0
1571	復刻141弾後半	14441	0	images/dungeonbanner	010001.png	9	4	2020-11-25 00:00:00	2020-11-25 00:00:00	0
1572	復刻142弾前半	14450	0	images/dungeonbanner	010001.png	9	6	2020-12-08 00:00:00	2020-12-08 00:00:00	0
1573	復刻142弾後半	14451	0	images/dungeonbanner	010001.png	9	6	2020-12-08 00:00:00	2020-12-08 00:00:00	0
1574	復刻143弾前半	14460	0	images/dungeonbanner	010001.png	9	4	2020-12-23 00:00:00	2020-12-23 00:00:00	0
1575	復刻143弾後半	14461	0	images/dungeonbanner	010001.png	9	4	2020-12-23 00:00:00	2020-12-23 00:00:00	0
1576	復刻144弾前半	14470	0	images/dungeonbanner	010001.png	9	6	2021-01-13 00:00:00	2021-01-13 00:00:00	0
1577	復刻144弾後半	14471	0	images/dungeonbanner	010001.png	9	6	2021-01-13 00:00:00	2021-01-13 00:00:00	0
1578	復刻145弾前半	14480	0	images/dungeonbanner	010001.png	9	4	2021-01-26 00:00:00	2021-01-26 00:00:00	0
1579	復刻145弾後半	14481	0	images/dungeonbanner	010001.png	9	4	2021-01-26 00:00:00	2021-01-26 00:00:00	0
1580	復刻146弾前半	14490	0	images/dungeonbanner	010001.png	9	6	2021-02-09 00:00:00	2021-02-09 00:00:00	0
1581	復刻146弾後半	14491	0	images/dungeonbanner	010001.png	9	6	2021-02-09 00:00:00	2021-02-09 00:00:00	0
1582	復刻147弾前半	14500	0	images/dungeonbanner	010001.png	9	4	2021-02-24 00:00:00	2021-02-24 00:00:00	0
1583	復刻147弾後半	14501	0	images/dungeonbanner	010001.png	9	4	2021-02-24 00:00:00	2021-02-24 00:00:00	0
1584	復刻148弾前半	14510	0	images/dungeonbanner	010001.png	9	6	2021-03-09 00:00:00	2021-03-09 00:00:00	0
1585	復刻148弾後半	14511	0	images/dungeonbanner	010001.png	9	6	2021-03-09 00:00:00	2021-03-09 00:00:00	0
1586	復刻149弾前半	14520	0	images/dungeonbanner	010001.png	9	4	2021-03-22 00:00:00	2021-03-22 00:00:00	0
1587	復刻149弾後半	14521	0	images/dungeonbanner	010001.png	9	4	2021-03-22 00:00:00	2021-03-22 00:00:00	0
1588	復刻150弾前半	14530	0	images/dungeonbanner	010001.png	9	6	2021-04-07 00:00:00	2021-04-07 00:00:00	0
1589	復刻150弾後半	14531	0	images/dungeonbanner	010001.png	9	6	2021-04-07 00:00:00	2021-04-07 00:00:00	0
1590	復刻151弾	14540	0	images/dungeonbanner	010001.png	9	4	2021-04-20 00:00:00	2021-04-20 00:00:00	0
1591	復刻152弾	14550	0	images/dungeonbanner	010001.png	9	6	2021-04-30 00:00:00	2021-04-30 00:00:00	0
1592	復刻153弾	14560	0	images/dungeonbanner	010001.png	9	4	2021-05-17 00:00:00	2021-05-17 00:00:00	0
1593	復刻153弾	14561	0	images/dungeonbanner	010001.png	9	4	2021-05-17 00:00:00	2021-05-17 00:00:00	0
1594	復刻154弾	14570	0	images/dungeonbanner	010001.png	9	6	2021-06-02 00:00:00	2021-06-02 00:00:00	0
1595	復刻154弾	14571	0	images/dungeonbanner	010001.png	9	6	2021-06-02 00:00:00	2021-06-02 00:00:00	0
1596	復刻155弾	14580	0	images/dungeonbanner	010001.png	9	4	2021-06-15 00:00:00	2021-06-15 00:00:00	0
1597	復刻156弾	14590	0	images/dungeonbanner	010001.png	9	6	2021-06-28 00:00:00	2021-06-28 00:00:00	0
1598	復刻156弾	14591	0	images/dungeonbanner	010001.png	9	6	2021-06-28 00:00:00	2021-06-28 00:00:00	0
1599	復刻157弾	14600	0	images/dungeonbanner	010001.png	9	4	2021-07-14 00:00:00	2021-07-14 00:00:00	0
1600	復刻158弾	14610	0	images/dungeonbanner	010001.png	9	6	2021-07-28 00:00:00	2021-07-28 00:00:00	0
1601	復刻159弾	14620	0	images/dungeonbanner	010001.png	9	4	2021-08-10 00:00:00	2021-08-10 00:00:00	0
1602	復刻160弾	14630	0	images/dungeonbanner	010001.png	9	6	2021-08-24 00:00:00	2021-08-24 00:00:00	0
1603	復刻161弾	14640	0	images/dungeonbanner	010001.png	9	4	2021-09-07 00:00:00	2021-09-07 00:00:00	0
1604	復刻162弾	14650	0	images/dungeonbanner	010001.png	9	6	2021-09-21 00:00:00	2021-09-21 00:00:00	0
1605	復刻163弾	14660	0	images/dungeonbanner	010001.png	9	4	2021-10-05 00:00:00	2021-10-05 00:00:00	0
1606	復刻164弾	14670	0	images/dungeonbanner	010001.png	9	6	2021-10-20 00:00:00	2021-10-20 00:00:00	0
1607	復刻166弾	14690	0	images/dungeonbanner	010001.png	9	4	2021-11-02 00:00:00	2021-11-02 00:00:00	0
1608	常設復刻イベント	14700	0	images/dungeonbanner	010001.png	9	243	2021-11-24 00:00:00	2021-11-24 00:00:00	0
1609	常設復刻イベント	14701	0	images/dungeonbanner	010001.png	9	243	2021-12-02 00:00:00	2021-12-02 00:00:00	0
1610	常設復刻イベント	14702	0	images/dungeonbanner	010001.png	9	243	2021-12-14 00:00:00	2021-12-14 00:00:00	0
1611	常設復刻イベント	14703	0	images/dungeonbanner	010001.png	9	243	2021-12-21 00:00:00	2021-12-21 00:00:00	0
1612	常設復刻イベント	14704	0	images/dungeonbanner	010001.png	9	243	2022-01-12 00:00:00	2022-01-12 00:00:00	0
1613	常設復刻イベント	14705	0	images/dungeonbanner	010001.png	9	243	2022-01-26 00:00:00	2022-01-26 00:00:00	0
1614	常設復刻イベント	14706	0	images/dungeonbanner	010001.png	9	243	2022-02-02 00:00:00	2022-02-02 00:00:00	0
1615	常設復刻イベント	14707	0	images/dungeonbanner	010001.png	9	243	2022-02-22 00:00:00	2022-02-22 00:00:00	0
1616	常設復刻イベント	14708	0	images/dungeonbanner	010001.png	9	243	2022-03-09 00:00:00	2022-03-09 00:00:00	0
1617	常設復刻イベント	14709	0	images/dungeonbanner	010001.png	9	243	2022-03-22 00:00:00	2023-04-04 00:00:00	0
1618	常設復刻イベント	14710	0	images/dungeonbanner	010001.png	9	243	2022-04-05 00:00:00	2022-04-05 00:00:00	0
1619	常設復刻イベント	14711	0	images/dungeonbanner	010001.png	9	243	2022-04-18 00:00:00	2022-04-18 00:00:00	0
1620	常設復刻イベント	14712	0	images/dungeonbanner	010001.png	9	243	2022-04-25 00:00:00	2022-04-25 00:00:00	0
1621	常設復刻イベント	14713	0	images/dungeonbanner	010001.png	9	243	2022-05-16 00:00:00	2022-05-16 00:00:00	0
1622	常設復刻イベント	14714	0	images/dungeonbanner	010001.png	9	243	2022-05-31 00:00:00	2022-05-31 00:00:00	0
1623	常設復刻イベント	14715	0	images/dungeonbanner	010001.png	9	243	2022-06-13 00:00:00	2022-06-13 00:00:00	0
1624	常設復刻イベント	14716	0	images/dungeonbanner	010001.png	9	243	2022-06-28 00:00:00	2022-06-28 00:00:00	0
1625	常設復刻イベント	14717	0	images/dungeonbanner	010001.png	9	243	2022-07-13 00:00:00	2022-07-13 00:00:00	0
1626	常設復刻イベント	14718	0	images/dungeonbanner	010001.png	9	243	2022-07-28 00:00:00	2022-07-28 00:00:00	0
1627	常設復刻イベント	14719	0	images/dungeonbanner	010001.png	9	243	2022-08-10 00:00:00	2022-08-10 00:00:00	0
1628	常設復刻イベント	14720	0	images/dungeonbanner	010001.png	9	243	2022-08-23 00:00:00	2022-08-23 00:00:00	0
1629	常設復刻イベント	14721	0	images/dungeonbanner	010001.png	9	243	2022-09-06 00:00:00	2022-09-06 00:00:00	0
1630	常設復刻イベント	14722	0	images/dungeonbanner	010001.png	9	243	2022-09-15 00:00:00	2022-09-15 00:00:00	0
1631	常設復刻イベント	14723	0	images/dungeonbanner	010001.png	9	243	2022-10-03 00:00:00	2022-10-03 00:00:00	0
1632	常設復刻イベント	14724	0	images/dungeonbanner	010001.png	9	243	2022-10-18 00:00:00	2022-10-18 00:00:00	0
1633	常設復刻イベント	14725	0	images/dungeonbanner	010001.png	9	243	2022-11-01 00:00:00	2022-11-01 00:00:00	0
1634	常設復刻イベント	14726	0	images/dungeonbanner	010001.png	9	243	2022-11-15 00:00:00	2022-11-15 00:00:00	0
1635	常設復刻イベント	14727	0	images/dungeonbanner	010001.png	9	243	2022-11-30 00:00:00	2022-11-30 00:00:00	0
1636	常設復刻イベント	14728	0	images/dungeonbanner	010001.png	9	243	2022-12-12 00:00:00	2022-12-12 00:00:00	0
1637	常設復刻イベント	14729	0	images/dungeonbanner	010001.png	9	243	2022-12-21 00:00:00	2022-12-21 00:00:00	0
1638	常設復刻イベント	14730	0	images/dungeonbanner	010001.png	9	243	2023-01-11 00:00:00	2023-01-11 00:00:00	0
1639	常設復刻イベント	14731	0	images/dungeonbanner	010001.png	9	243	2023-01-23 00:00:00	2023-01-23 00:00:00	0
1640	常設復刻イベント	14732	0	images/dungeonbanner	010001.png	9	243	2023-02-07 00:00:00	2023-02-07 00:00:00	0
1641	常設復刻イベント	14733	0	images/dungeonbanner	010001.png	9	243	2023-02-22 00:00:00	2023-02-22 00:00:00	0
1642	常設復刻イベント	14734	0	images/dungeonbanner	010001.png	9	243	2023-03-08 00:00:00	2023-03-08 00:00:00	0
1643	常設復刻イベント	14735	0	images/dungeonbanner	010001.png	9	243	2023-03-22 00:00:00	2023-03-22 00:00:00	0
1644	常設復刻イベント	14736	0	images/dungeonbanner	010001.png	9	243	2023-04-13 00:00:00	2023-04-26 23:59:59	0
1645	常設復刻イベント	14737	0	images/dungeonbanner	010001.png	9	243	2023-04-27 00:00:00	2023-05-10 23:59:59	0
1646	常設復刻イベント	14738	0	images/dungeonbanner	010001.png	9	243	2023-05-11 00:00:00	2023-05-24 23:59:59	0
1647	常設復刻イベント	14739	0	images/dungeonbanner	010001.png	9	243	2023-05-25 00:00:00	2023-06-07 23:59:59	0
1648	常設復刻イベント	14740	0	images/dungeonbanner	010001.png	9	243	2023-06-08 00:00:00	2023-06-21 23:59:59	0
1649	常設復刻イベント	14741	0	images/dungeonbanner	010001.png	9	243	2023-06-22 00:00:00	2023-07-05 23:59:59	0
1650	常設復刻イベント	14742	0	images/dungeonbanner	010001.png	9	243	2023-07-06 00:00:00	2023-07-19 23:59:59	0
1651	常設復刻イベント	14743	0	images/dungeonbanner	010001.png	9	243	2023-07-20 00:00:00	2023-08-02 23:59:59	0
1652	常設復刻イベント	14744	0	images/dungeonbanner	010001.png	9	243	2023-08-03 00:00:00	2023-08-16 23:59:59	0
1653	常設復刻イベント	14745	0	images/dungeonbanner	010001.png	9	243	2023-08-17 00:00:00	2023-08-30 23:59:59	0
1654	常設復刻イベント	14746	0	images/dungeonbanner	010001.png	9	243	2023-08-31 00:00:00	2023-09-13 23:59:59	0
1655	常設復刻イベント	14747	0	images/dungeonbanner	010001.png	9	243	2023-09-14 00:00:00	2023-09-27 23:59:59	0
1656	常設復刻イベント	14748	0	images/dungeonbanner	010001.png	9	243	2023-09-28 00:00:00	2023-10-11 23:59:59	0
1657	常設復刻イベント	14749	0	images/dungeonbanner	010001.png	9	243	2023-10-12 00:00:00	2023-10-25 23:59:59	0
1658	常設復刻イベント	14750	0	images/dungeonbanner	010001.png	9	243	2023-10-26 00:00:00	2023-11-08 23:59:59	0
1659	常設復刻イベント	14751	0	images/dungeonbanner	010001.png	9	243	2023-11-09 00:00:00	2023-11-22 23:59:59	0
1660	常設復刻イベント	14752	0	images/dungeonbanner	010001.png	9	243	2023-11-23 00:00:00	2023-12-06 23:59:59	0
1661	常設復刻イベント	14753	0	images/dungeonbanner	010001.png	9	243	2023-12-07 00:00:00	2023-12-20 23:59:59	0
1662	常設復刻イベント	14754	0	images/dungeonbanner	010001.png	9	243	2023-12-21 00:00:00	2024-01-03 23:59:59	0
1663	常設復刻イベント	14755	0	images/dungeonbanner	010001.png	9	243	2024-01-04 00:00:00	2024-01-17 23:59:59	0