1	パネル説明　トレジャーパネル（ゴールド、ガチャ種、宝箱）　チュートリアル1		"2014-10-15 00:00:00"	"2014-10-15 00:00:00"	0	
2	パネル説明　スキルゲージについてパネル　チュートリアル2		"2014-10-15 00:00:00"	"2014-10-15 00:00:00"	0	
3	パネル説明　ランダム分岐パネル　ステージID:1003		"2014-10-15 00:00:00"	"2014-10-15 00:00:00"	0	
4	戦闘画面　スキルの発動について		"2014-10-15 00:00:00"	"2014-10-15 00:00:00"	0	
5	パネル説明　回復の泉　ステージID:1005		"2014-10-15 00:00:00"	"2014-10-15 00:00:00"	0	
6	パネル説明　害虫の巣　ステージID:1006		"2014-10-15 00:00:00"	"2014-10-15 00:00:00"	0	
7	戦闘画面　超必殺技の発動について		"2014-10-15 00:00:00"	"2014-10-15 00:00:00"	0	
8	パネル説明　スタート地点複数可　ステージID:1010		"2014-10-15 00:00:00"	"2014-10-15 00:00:00"	0	
9	"パネル説明　自動分岐　ステージID:1031 追加"		"2014-10-15 00:00:00"	"2014-10-15 00:00:00"	0	
10	パネル説明　スイッチ　イベントステージID：30000-30030		"2014-10-15 00:00:00"	"2014-10-15 00:00:00"	0	
11	パネル説明　旋風と蜘蛛の巣　イベントステージID：30100-30170		"2014-10-15 00:00:00"	"2014-10-15 00:00:00"	0	
12	パネル説明　ロックパネル　イベントステージID：30200-30270		"2014-10-15 00:00:00"	"2014-10-15 00:00:00"	0	
13	画面説明　ガチャ　チュートリアル中		"2014-10-15 00:00:00"	"2014-10-15 00:00:00"	0	
14	パネル説明　ワープパネル　イベントステージID：30300-30370		"2014-10-15 00:00:00"	"2014-10-15 00:00:00"	0	
15	初回レイドボス　機能説明チュートリアル		"2014-10-15 00:00:00"	"2014-10-15 00:00:00"	0	
16	初回装備ガチャ　機能説明チュートリアル		"2014-11-20 00:00:00"	"2014-11-20 00:00:00"	0	
17	初回進化　機能説明チュートリアル		"2014-11-20 00:00:00"	"2014-11-20 00:00:00"	0	
18	戦闘画面　アビリティの発動について		"2015-01-06 00:00:00"	"2015-01-06 00:00:00"	0	
19	初回探索　機能説明チュートリアル		"2015-03-26 00:00:00"	"2015-03-26 00:00:00"	0	
20	ステータスアップ　機能説明チュートリアル		"2015-03-31 00:00:00"	"2015-03-31 00:00:00"	0	
21	初回ボーナスステージ　機能説明チュートリアル		"2015-03-31 00:00:00"	"2015-04-13 00:00:00"	0	
22	パネル説明　キャノンパネル　イベントID：30700-30770		"2015-03-31 00:00:00"	"2015-03-31 00:00:00"	0	
23	初回クエスト　機能説明チュートリアル		"2015-03-31 00:00:00"	"2015-03-31 00:00:00"	0	
24	パネル説明　花火砲パネル　イベントID：31400-31470		"2015-03-31 00:00:00"	"2015-03-31 00:00:00"	0	
25	パネル説明　虫眼鏡パネル　イベントID：31500-31570		"2015-03-31 00:00:00"	"2015-03-31 00:00:00"	0	
26	パネル説明　突撃害虫パネル　イベントID：31700-31770		"2015-03-31 00:00:00"	"2015-03-31 00:00:00"	0	
27	パネル説明　拠点パネル　イベントID：31700-31770		"2015-03-31 00:00:00"	"2015-03-31 00:00:00"	0	
28	初回装備合成　機能説明チュートリアル		"2015-03-31 00:00:00"	"2015-03-31 00:00:00"	0	
29	戦闘画面　弱点属性について		"2015-03-31 00:00:00"	"2015-03-31 00:00:00"	0	
30	パネル説明　BOXガチャポイントパネル　イベントID：31800-31870		"2015-09-30 00:00:00"	"2015-09-30 00:00:00"	0	
31	パネル説明　BOXガチャポイントパネル　イベントID：31800-31870		"2015-09-30 00:00:00"	"2015-09-30 00:00:00"	0	
32	パネル説明　秋の味覚パネル　イベントID：31900-31970		"2015-09-30 00:00:00"	"2015-09-30 00:00:00"	0	
33	パネル説明　アイテムドロップチビ害虫　イベントID：32000-32070		"2015-09-30 00:00:00"	"2015-10-27 00:00:00"	0	
34	パネル説明　おばけカボチャパネル　イベントID：32000-32070		"2015-10-27 00:00:00"	"2015-10-27 00:00:00"	0	
35	パネル説明　陽光の雫パネル　イベントID：32100-32170		"2015-11-12 00:00:00"	"2015-11-12 00:00:00"	0	
36	パネル説明　聖歌隊のベルパネル　イベントID：32200-32270		"2015-11-25 00:00:00"	"2015-11-25 00:00:00"	0	
37	パネル説明　プレゼントパネル　イベントID：32300-32330		"2015-12-11 00:00:00"	"2015-12-11 00:00:00"	0	
38	パネル説明　プレゼントパネル　イベントID：32340-32370		"2015-12-17 00:00:00"	"2015-12-17 00:00:00"	0	
39	パネル説明　奉納パネル　イベントID：32400-32480		"2015-12-23 00:00:00"	"2015-12-23 00:00:00"	0	
40	パネル説明　チャレンジ手形パネル　イベントID：32500-32580		"2016-01-07 00:00:00"	"2016-01-07 00:00:00"	0	
41	初回庭園　機能説明チュートリアル		"2016-01-14 00:00:00"	"2016-01-14 00:00:00"	0	
42	パネル説明　チビノーマルパネル　イベントID：200000		"2016-01-14 00:00:00"	"2016-01-14 00:00:00"	0	
43	パネル説明　投票券パネル　イベントID：32600-32680		"2016-01-21 00:00:00"	"2016-01-21 00:00:00"	0	
44	パネル説明　板チョコパネル　イベントID：32700-32680		"2016-02-04 00:00:00"	"2016-02-04 00:00:00"	0	
45	強ボスイベント　説明用		"2016-02-05 00:00:00"	"2016-02-05 00:00:00"	0	
46	戦闘画面　防御システムについて		"2016-02-18 00:00:00"	"2016-02-18 00:00:00"	0	
47	パネル説明　ひな祭りの飾りパネル　イベントID：32800-32870		"2016-02-18 00:00:00"	"2016-02-18 00:00:00"	0	
48	パネル説明　アイテムドロップチビ害虫(ひな祭り)　イベントID：32800-32870		"2016-02-18 00:00:00"	"2016-02-18 00:00:00"	0	
49	パネル説明　リボン胸章パネル		"2016-03-03 00:00:00"	"2016-03-03 00:00:00"	0	
50	パネル説明　階段パネル		"2016-03-03 00:00:00"	"2016-03-03 00:00:00"	0	
51	パネル説明　祝砲パネル		"2016-03-03 00:00:00"	"2016-03-03 00:00:00"	0	
52	パネル説明　チビナズナパネル　イベントID：33000-33870		"2016-03-16 00:00:00"	"2016-03-16 00:00:00"	0	
53	パネル説明　お花見パネル		"2016-03-17 00:00:00"	"2016-03-17 00:00:00"	0	
54	パネル説明　害虫の巣パネル		"2016-03-17 00:00:00"	"2016-03-17 00:00:00"	0	
55	パネル説明　スタンプパネル　イベントID：33300-33370		"2016-04-27 00:00:00"	"2016-04-27 00:00:00"	0	
56	強ボスイベント　春めくスカネの古書祭り説明用		"2016-03-29 00:00:00"	"2016-03-29 00:00:00"	0	
57	パネル説明　材料パネル　イベントID：33200-33270		"2016-04-13 00:00:00"	"2016-04-13 00:00:00"	0	
58	パネル説明　気球パネル　イベントID：33200-33270		"2016-04-13 00:00:00"	"2016-04-13 00:00:00"	0	
59	クジラ艇チュートリアル		"2016-04-14 00:00:00"	"2016-04-14 00:00:00"	0	
60	クジラ艇交換所		"2016-04-18 00:00:00"	"2016-04-18 00:00:00"	0	
61	クジラ艇ステージチュートリアル		"2016-04-23 00:00:00"	"2016-04-23 00:00:00"	0	
62	クジラ艇編成チュートリアル		"2016-04-23 00:00:00"	"2016-04-23 00:00:00"	0	
63	パネルミッションチュートリアル		"2016-04-26 00:00:00"	"2016-04-26 00:00:00"	0	
64	パネル説明　巣と卵パネル　イベントID：33400-33470		"2016-05-12 00:00:00"	"2016-05-12 00:00:00"	0	
65	パネル説明　スワンボート　イベントID：33400-33470		"2016-05-12 00:00:00"	"2016-05-12 00:00:00"	0	
66	パネル説明　レインアイテムパネル　イベントID：33500-33570		"2016-05-26 00:00:00"	"2016-05-26 00:00:00"	0	
67	パネル説明　スネイルキャノンパネル　イベントID：33500-33570		"2016-05-26 00:00:00"	"2016-05-26 00:00:00"	0	
68	カードめくりチュートリアル(廃止)		"2016-05-27 00:00:00"	"2016-05-27 00:00:00"	0	
69	絆水晶		"2016-05-31 00:00:00"	"2016-05-31 00:00:00"	0	
70	Ｈシーン後追い通知		"2016-05-31 00:00:00"	"2016-05-31 00:00:00"	0	
71	庭園鉢植えチュートリアル		"2016-05-31 00:00:00"	"2016-05-31 00:00:00"	0	
72	パネル説明　披露宴パネル　イベントID：33600-33670		"2016-06-06 00:00:00"	"2016-06-06 00:00:00"	0	
73	開花合成チュートリアル		"2016-06-07 00:00:00"	"2016-06-07 00:00:00"	0	
75	パネル説明　飾り笹パネル　イベントID：33700-33770		"2016-06-22 00:00:00"	"2016-06-22 00:00:00"	0	
76	スワンボートレースイベント		"2016-07-04 00:00:00"	"2016-07-04 00:00:00"	0	
77	パネル説明　フルーツパネル　イベントID：33800-33870		"2016-07-06 00:00:00"	"2016-07-06 00:00:00"	0	
78	パネル説明　スワンボートBETアイテム説明		"2016-07-06 00:00:00"	"2016-07-06 00:00:00"	0	
79	パネル説明　大砲の弾パネル　イベントID：33900-33970		"2016-07-20 00:00:00"	"2016-07-20 00:00:00"	0	
80	パネル説明　海賊スワンポートパネル　イベントID：33900-33970		"2016-07-20 00:00:00"	"2016-07-20 00:00:00"	0	
81	強ボスイベント　深い森の納涼祭		"2016-08-04 00:00:00"	"2016-08-04 00:00:00"	0	
82	パネル説明　お祭り団扇パネル　イベントID：34000-34070		"2016-08-05 00:00:00"	"2016-08-05 00:00:00"	0	
83	クジラ艇　ホエイルカノン		"2016-08-12 00:00:00"	"2016-08-12 00:00:00"	0	
84	パネル説明　肝試しパネル　イベントID：34100-34170		"2016-08-18 00:00:00"	"2016-08-18 00:00:00"	0	
85	パネル説明　ガルデクリスタルパネル　イベントID：34100-34170		"2016-08-18 00:00:00"	"2016-08-18 00:00:00"	0	
86	スワンボートレースイベント時間修正		"2016-08-18 00:00:00"	"2016-08-18 00:00:00"	0	
87	スワンボートレースイベント時間修正		"2016-08-18 00:00:00"	"2016-08-18 00:00:00"	0	
88	花騎士予想ボタン　イベントID：34100-34170		"2016-08-18 00:00:00"	"2016-08-26 00:00:00"	0	
89	クジラ艇　チャンスパネル		"2016-08-18 00:00:00"	"2016-08-26 00:00:00"	0	
90	パネル説明　祭典酒パネル　イベントID：34200-34270		"2016-09-02 00:00:00"	"2016-09-02 00:00:00"	0	
91	パネル説明　お月見パネル　イベントID：34300-34370		"2016-09-12 00:00:00"	"2016-09-12 00:00:00"	0	
92	クジラ艇　分岐パネル		"2016-09-23 00:00:00"	"2016-09-23 00:00:00"	0	
93	パネル説明　裁縫道具パネル　イベントID：34400-34470		"2016-09-29 00:00:00"	"2016-09-29 00:00:00"	0	
94	パネル説明　ブロッサムクォーツ　イベントID：34400-34470		"2016-09-29 00:00:00"	"2016-09-29 00:00:00"	0	
95	交換所錬成チュートリアル		"2016-09-30 00:00:00"	"2016-09-30 00:00:00"	0	
97	イベント45弾カードめくりチュートリアル		"2016-10-12 00:00:00"	"2016-10-12 00:00:00"	0	
98	キャラ素材倉庫チュートリアル		"2016-10-15 00:00:00"	"2016-10-15 00:00:00"	0	
99	装備素材倉庫チュートリアル		"2016-10-15 00:00:00"	"2016-10-15 00:00:00"	0	
100	パネル説明　落ち葉パネル　イベントID：34500-34570		"2016-10-14 00:00:00"	"2016-10-14 00:00:00"	0	
101	贈り物精製チュートリアル		"2016-10-17 00:00:00"	"2016-10-17 00:00:00"	0	
102	コンセプト6弾　移動増減パネル無効アビリティ推奨		"2016-10-27 00:00:00"	"2016-10-27 00:00:00"	0	
103	パネル説明　お菓子パネル　イベントID:34600-34670		"2016-10-28 00:00:00"	"2016-10-28 00:00:00"	0	
104	イベント専用通貨説明　空色の羽		"2016-10-28 00:00:00"	"2016-10-28 00:00:00"	0	
105	パネル説明　調理器具パネル　イベントID：34700-34770		"2016-11-11 00:00:00"	"2016-11-11 00:00:00"	0	
106	強ボスイベント　お茶会は海風に吹かれて		"2016-11-11 00:00:00"	"2016-11-11 00:00:00"	0	
107	強ボスチュートリアル		"2016-11-14 00:00:00"	"2016-11-14 00:00:00"	0	
108	パネル説明　聖夜の贈り物パネル　イベントID：34800-34870		"2016-11-24 00:00:00"	"2016-11-24 00:00:00"	0	
109	パネル説明　六花石　イベントID：34800-34870		"2016-11-24 00:00:00"	"2016-11-24 00:00:00"	0	
110	アイテム一覧機能チュートリアル		"2016-12-01 00:00:00"	"2016-12-01 00:00:00"	0	
111	パネル説明　クリスマスパネル　イベントID：34900-34970		"2016-12-07 00:00:00"	"2016-12-07 00:00:00"	0	
112	パネル説明　スノー・ジェダイド　イベントID：34900-34970		"2016-12-07 00:00:00"	"2016-12-07 00:00:00"	0	
113	初回育成アビリティ装着　装着説明チュートリアル		"2016-12-19 00:00:00"	"2016-12-19 00:00:00"	0	
114	パネル説明　スノー・ジェダイド　イベントID：35000-35070		"2016-12-22 00:00:00"	"2016-12-22 00:00:00"	0	
115	初回育成アビリティ習得　習得説明チュートリアル		"2016-12-23 00:00:00"	"2016-12-23 00:00:00"	0	
116	パネル説明　風呂桶パネル　イベントID:35200-35270		"2017-01-05 00:00:00"	"2017-01-05 00:00:00"	0	
117	イベント専用通貨説明　あったか温泉饅頭		"2017-01-05 00:00:00"	"2017-01-05 00:00:00"	0	
118	クジラ艇　チャンス攻撃		"2017-01-13 00:00:00"	"2017-01-13 00:00:00"	0	
119	パネル説明　総選挙パネル　イベントID：35300-35370		"2017-01-18 00:00:00"	"2017-01-18 00:00:00"	0	
120	パネル説明　応援メガホン　イベントID：35300-35370		"2017-01-18 00:00:00"	"2017-01-18 00:00:00"	0	
121	初回育成アビリティ強化　強化説明チュートリアル		"2017-01-20 00:00:00"	"2017-01-20 00:00:00"	0	
122	投票イベントチュートリアル		"2017-01-20 00:00:00"	"2017-01-20 00:00:00"	0	
123	パネル説明　節分チョコパネル　イベントID：35400-35470		"2017-02-02 00:00:00"	"2017-02-02 00:00:00"	0	
124	パネル説明　ブロッサム・ライト　イベントID：35400-35470		"2017-02-02 00:00:00"	"2017-02-02 00:00:00"	0	
125	パネル説明　クリスタルパネル　イベントID：35500-35570		"2017-02-16 00:00:00"	"2017-02-16 00:00:00"	0	
126	パネル説明　水切りの櫂　イベントID：35500-35570		"2017-02-16 00:00:00"	"2017-02-16 00:00:00"	0	
127	ボックスガチャ説明		"2017-02-20 00:00:00"	"2017-02-20 00:00:00"	0	
128	戦闘画面　特殊任務水影の騎士		"2017-02-23 00:00:00"	"2017-02-23 00:00:00"	0	
129	特務の褒章交換所		"2017-02-23 00:00:00"	"2017-02-23 00:00:00"	0	
130	ステージ画面　特殊任務水影の騎士		"2017-02-23 00:00:00"	"2017-02-23 00:00:00"	0	
131	バブルロータスパネル　イベントID：35500-35570		"2017-02-23 00:00:00"	"2017-02-23 00:00:00"	0	
132	海辺のお土産パネル　イベントID：35600-35670		"2017-03-03 00:00:00"	"2017-03-03 00:00:00"	0	
133	カードめくりヒント　チュートリアル		"2017-03-06 00:00:00"	"2017-03-06 00:00:00"	0	
134	レイドボスイベントチュートリアル		"2017-03-15 00:00:00"	"2017-03-15 00:00:00"	0	
135	パネル説明　キッチン器具パネル　イベントID:35700-35770		"2017-03-15 00:00:00"	"2017-03-15 00:00:00"	0	
136	イベント専用通貨説明　黄金の輝きカレー		"2017-03-15 00:00:00"	"2017-03-15 00:00:00"	0	
137	トレジャーラリー　チュートリアル		"2017-03-29 00:00:00"	"2017-03-29 00:00:00"	0	
138	パネル説明　お花見セットパネル　イベントID:35800-35870		"2017-03-31 00:00:00"	"2017-03-31 00:00:00"	0	
139	パネル説明　祝杯のクラッカー　イベントID:35840-35870		"2017-03-31 00:00:00"	"2017-03-31 00:00:00"	0	
140	トレジャーラリー　特別マスパネル		"2017-04-10 00:00:00"	"2017-04-10 00:00:00"	0	
141	パネル説明　イースターエッグパネル　イベントID：35900-35970		"2017-04-12 00:00:00"	"2017-04-12 00:00:00"	0	
142	パネル説明　ロータスマリン　イベントID：35900-35970		"2017-04-12 00:00:00"	"2017-04-12 00:00:00"	0	
143	スワンボートレースイベント58弾		"2017-04-20 00:00:00"	"2017-04-20 00:00:00"	0	
144	イベントチュートリアル		"2017-04-26 00:00:00"	"2017-04-26 00:00:00"	0	
145	パネル説明　お花パネル　イベントID：36000-36070		"2017-04-28 00:00:00"	"2017-04-28 00:00:00"	0	
146	パネル説明　幻想の水中花　イベントID：36000-36070		"2017-04-28 00:00:00"	"2017-04-28 00:00:00"	0	
147	ステージ画面　特殊任務水影の騎士HPゲージ説明		"2017-05-01 00:00:00"	"2017-05-01 00:00:00"	0	
148	パネル説明　サバイバルパネル　イベントID:36100-36170		"2017-05-08 00:00:00"	"2017-05-08 00:00:00"	0	
149	イベント専用通貨説明　封印の宝玉		"2017-05-08 00:00:00"	"2017-05-08 00:00:00"	0	
150	ゴールパネル(少女)説明　コンセプトID：401200		"2017-05-08 00:00:00"	"2017-05-08 00:00:00"	0	
151	パネル説明　望遠鏡パネル　イベントID：36100-36170		"2017-05-08 00:00:00"	"2017-05-08 00:00:00"	0	
152	パネル説明　封印の碑文パネル　イベントID：36100-36170		"2017-05-08 00:00:00"	"2017-05-08 00:00:00"	0	
153	パネル説明　障害物パネル　イベントID：36200-36270		"2017-05-25 00:00:00"	"2017-05-25 00:00:00"	0	
154	パネル説明　チビナズナパネル(大交流戦ver)　イベントID：36200-36270		"2017-05-25 00:00:00"	"2017-05-25 00:00:00"	0	
155	パネル説明　害虫の巣パネル(大交流戦ver)　イベントID：36200-36270		"2017-05-25 00:00:00"	"2017-05-25 00:00:00"	0	
156	少女パネル説明　コンセプトID：401210		"2017-05-29 00:00:00"	"2017-05-29 00:00:00"	0	
157	少女ステージ１		"2017-05-31 00:00:00"	"2017-05-31 00:00:00"	0	
158	少女ステージ２		"2017-05-31 00:00:00"	"2017-05-31 00:00:00"	0	
159	パネル説明　婚礼の原石　イベントID:36300-36370		"2017-06-05 00:00:00"	"2017-06-05 00:00:00"	0	
160	パネル説明　祝祭のシャンパン　イベントID:36340-36370		"2017-06-05 00:00:00"	"2017-06-05 00:00:00"	0	
161	パネル説明　ゴールパネル(ウェディングver)　イベントID:36300-36370		"2017-06-07 00:00:00"	"2017-06-07 00:00:00"	0	
162	パネル説明　笹飾りパネル　イベントID:36400-36470		"2017-06-21 00:00:00"	"2017-06-21 00:00:00"	0	
163	パネル説明　天の川鉱石　イベントID:36400-36470		"2017-06-21 00:00:00"	"2017-06-21 00:00:00"	0	
164	パネル説明　流れ星パネル　イベントID:36400-36470		"2017-06-21 00:00:00"	"2017-06-21 00:00:00"	0	
165	ステージ画面　特殊任務水影の騎士撤退するアクアシャドウ		"2017-06-22 00:00:00"	"2017-06-22 00:00:00"	0	
166	ステージ画面　特殊任務水影の騎士アクアシャドウのアビリティについて		"2017-06-22 00:00:00"	"2017-06-22 00:00:00"	0	
167	クジラ艇　スワン艇		"2017-06-28 00:00:00"	"2017-06-28 00:00:00"	0	
168	少女ステージ3		"2017-07-05 00:00:00"	"2017-07-05 00:00:00"	0	
169	少女パネル説明　コンセプトID：401220		"2017-07-05 00:00:00"	"2017-07-05 00:00:00"	0	
170	パネル説明　ティーリの髪飾り　イベントID：36500-36570		"2017-07-07 00:00:00"	"2017-07-07 00:00:00"	0	
171	パネル説明　波際のサーフボード　イベントID：36500-36570		"2017-07-07 00:00:00"	"2017-07-07 00:00:00"	0	
172	パネル説明　アチーブメント画像		"2017-07-07 00:00:00"	"2017-07-07 00:00:00"	0	
173	パネル説明　魅惑の餌袋　イベントID:36600-36670		"2017-07-18 00:00:00"	"2017-07-18 00:00:00"	0	
174	パネル説明　黒陰の針　イベントID:36600-36670		"2017-07-18 00:00:00"	"2017-07-18 00:00:00"	0	
175	少女ステージパネル説明　コンセプトID：401230		"2017-08-01 00:00:00"	"2017-08-01 00:00:00"	0	
176	少女ステージ4		"2017-08-01 00:00:00"	"2017-08-01 00:00:00"	0	
177	パネル説明　祭事の矢羽　イベントID：36700-36770		"2017-08-03 00:00:00"	"2017-08-03 00:00:00"	0	
178	パネル説明　祭事の矢羽　イベントID：36700-36770		"2017-08-03 00:00:00"	"2017-08-03 00:00:00"	0	
179	通常任務40　古代害虫、クリスタルについて２		"2017-08-03 00:00:00"	"2017-08-03 00:00:00"	0	
180	（仮）特殊任務ロータスレイク第3弾の実装パネル説明		"2017-08-14 00:00:00"	"2017-08-14 00:00:00"	0	
181	パネル説明　祭事の矢羽　イベントID：36800-36870		"2017-08-15 00:00:00"	"2017-08-15 00:00:00"	0	
182	パネル説明　祭事の矢羽　イベントID：36800-36870		"2017-08-15 00:00:00"	"2017-08-15 00:00:00"	0	
183	ステージ画面　特殊任務水影の騎士アビリティ効果獲得パネル		"2017-08-21 00:00:00"	"2017-08-21 00:00:00"	0	
184	ステージ画面　通常任務40-5		"2017-08-24 00:00:00"	"2017-08-24 00:00:00"	0	
185	通常任務40_5用		"2017-08-24 00:00:00"	"2017-08-24 00:00:00"	0	
186	少女ステージパネル説明　コンセプトID：401240		"2017-08-29 00:00:00"	"2017-08-29 00:00:00"	0	
187	少女ステージ5		"2017-08-29 00:00:00"	"2017-08-29 00:00:00"	0	
188	パネル説明　輝くバナナ　イベントID：36900-36970		"2017-09-01 00:00:00"	"2017-09-01 00:00:00"	0	
189	パネル説明　バナナ・トパーズ　イベントID:36900-36970		"2017-09-01 00:00:00"	"2017-09-01 00:00:00"	0	
190	パネル説明　花騎士自叙伝　イベントID:37000-37070		"2017-09-13 00:00:00"	"2017-09-13 00:00:00"	0	
191	パネル説明　花騎士たちの秘密　イベントID:37000-37070		"2017-09-13 00:00:00"	"2017-09-13 00:00:00"	0	
192	ステージ画面　特殊極限任務3弾　アビリティについて		"2017-09-19 00:00:00"	"2017-09-19 00:00:00"	0	
193	チュートリアル終了後に初めて「キャラ確認」画面に遷移した		"2017-09-22 00:00:00"	"2017-09-22 00:00:00"	0	
194	チュートリアル終了後に初めて「強化合成」画面に遷移した		"2017-09-22 00:00:00"	"2017-09-22 00:00:00"	0	
195	チュートリアル終了後に初めて「キャラ売却」画面に遷移した		"2017-09-22 00:00:00"	"2017-09-22 00:00:00"	0	
196	チュートリアル終了後に初めて「装備合成」画面に遷移した		"2017-09-22 00:00:00"	"2017-09-22 00:00:00"	0	
197	チュートリアル終了後に初めて「装備売却」画面に遷移した		"2017-09-22 00:00:00"	"2017-09-22 00:00:00"	0	
198	少女ステージパネル説明　コンセプトID：401250		"2017-09-25 00:00:00"	"2017-09-25 00:00:00"	0	
199	少女ステージ6		"2017-09-25 00:00:00"	"2017-09-25 00:00:00"	0	
200	パネル説明　魅惑の餌袋　イベントID:37100-37170		"2017-09-25 00:00:00"	"2017-09-25 00:00:00"	0	
201	パネル説明　黒陰の針　イベントID:37100-37170		"2017-09-25 00:00:00"	"2017-09-25 00:00:00"	0	
202	パネル説明　真実の弾丸　イベントID:37200-37270		"2017-10-11 00:00:00"	"2017-10-11 00:00:00"	0	
203	ステージ画面　特殊任務水影の騎士水妖術・九尾ノ影		"2017-10-11 00:00:00"	"2017-10-11 00:00:00"	0	
204	少女ステージパネル説明　コンセプトID：401260		"2017-10-24 00:00:00"	"2017-10-24 00:00:00"	0	
205	少女ステージ7		"2017-10-24 00:00:00"	"2017-10-24 00:00:00"	0	
206	パネル説明　ヘヴィカボチャ　イベントID:37300-37370		"2017-10-24 00:00:00"	"2017-10-24 00:00:00"	0	
207	パネル説明　ライトニングカボチャ　イベントID:37300-37370		"2017-10-24 00:00:00"	"2017-10-24 00:00:00"	0	
208	パネル説明　パンプキン号　イベントID:37300-37370		"2017-10-24 00:00:00"	"2017-10-24 00:00:00"	0	
209	ステージ画面　水影破級　ID：410050		"2017-11-07 00:00:00"	"2017-11-07 00:00:00"	0	
210	ステージ選択画面　水影破級　ID：410050		"2017-11-07 00:00:00"	"2017-11-07 00:00:00"	0	
211	パネル説明　日なたのマカロン　イベントID:37400-37470		"2017-11-08 00:00:00"	"2017-11-08 00:00:00"	0	
212	パネル説明　慈雨のマカロン　イベントID:37400-37470		"2017-11-08 00:00:00"	"2017-11-08 00:00:00"	0	
213	育成イベントチュートリアル画像　イベントID:37400-37470		"2017-11-08 00:00:00"	"2017-11-08 00:00:00"	0	
214	パネル説明　陽力の器　イベントID:37400-37470		"2017-11-08 00:00:00"	"2017-11-08 00:00:00"	0	
215	バリスタパネル説明		"2017-11-16 00:00:00"	"2017-11-16 00:00:00"	0	
216	パネル説明　砂雪だるま　イベントID:37500-37570		"2017-11-22 00:00:00"	"2017-11-22 00:00:00"	0	
217	パネル説明　バナナルナストーン　イベントID:37500-37570		"2017-11-22 00:00:00"	"2017-11-22 00:00:00"	0	
218	パネル説明　サーフボードパネル　イベントID:37500-37570		"2017-11-22 00:00:00"	"2017-11-22 00:00:00"	0	
219	パネル説明　ご馳走パネル　イベントID:37600-37670		"2017-12-06 00:00:00"	"2017-12-06 00:00:00"	0	
220	パネル説明　トナカイのぬいぐるみ　イベントID:37600-37670		"2017-12-06 00:00:00"	"2017-12-06 00:00:00"	0	
221	パネル説明　赤いプレゼント箱パネル　イベントID:37600-37670		"2017-12-06 00:00:00"	"2017-12-06 00:00:00"	0	
222	ステージ画面　特殊任務水影の騎士5弾　アビリティについて		"2017-12-06 00:00:00"	"2017-12-06 00:00:00"	0	
223	パネル説明　雑煮蕎麦のレシピパネル　イベントID:37700-37820		"2017-12-20 00:00:00"	"2017-12-20 00:00:00"	0	
224	パネル説明　感謝のお賽銭　イベントID:37700-37820		"2017-12-20 00:00:00"	"2017-12-20 00:00:00"	0	
225	パネル説明　雪かきパネル　イベントID:37900-37990		"2018-01-05 00:00:00"	"2018-01-05 00:00:00"	0	
226	パネル説明　狙い撃ちキャノンパネル		"2018-01-17 00:00:00"	"2018-01-17 00:00:00"	0	
227	パネル説明　総選挙パネル　イベントID:38000-38070		"2018-01-18 00:00:00"	"2018-01-18 00:00:00"	0	
228	パネル説明　プロモートカード　イベントID:38000-38070		"2018-01-18 00:00:00"	"2018-01-18 00:00:00"	0	
229	バブルボールシップパネル		"2018-01-19 00:00:00"	"2018-01-19 00:00:00"	0	
230	パネル説明　チョコづくりパネル　イベントID:38100-38190		"2018-01-30 00:00:00"	"2018-01-30 00:00:00"	0	
231	パネル説明　おいしいチョコバナナ　イベントID:38100-38190		"2018-01-30 00:00:00"	"2018-01-30 00:00:00"	0	
232	ステージ画面　特殊任務水影の騎士6弾　アビリティについて		"2018-02-05 00:00:00"	"2018-02-05 00:00:00"	0	
233	パネル説明　毒霧発生地点　イベントID:38200-38290		"2018-02-15 00:00:00"	"2018-02-15 00:00:00"	0	
234	パネル説明　フラスパウダー　イベントID:38200-38290		"2018-02-15 00:00:00"	"2018-02-15 00:00:00"	0	
235	3大害虫前半ムービー		"2018-02-19 00:00:00"	"2018-02-19 00:00:00"	0	
236	3大害虫後半チュートリアル		"2018-02-19 00:00:00"	"2018-02-19 00:00:00"	0	
237	3大害虫後半ムービー		"2018-02-19 00:00:00"	"2018-02-19 00:00:00"	0	
238	3大害虫前半チュートリアル		"2018-02-19 00:00:00"	"2018-02-19 00:00:00"	0	
239	3大害虫後半チュートリアル		"2018-02-19 00:00:00"	"2018-02-19 00:00:00"	0	
240	3大害虫後半ステージ　報酬説明　イベントID：700000-700040		"2018-02-24 00:00:00"	"2018-02-24 00:00:00"	0	
241	パネル説明　複数弱点属性　ステージID:401310		"2018-03-01 00:00:00"	"2018-03-01 00:00:00"	0	
242	パネル説明　お菓子パネルの説明　ステージID:38300-38390		"2018-03-02 00:00:00"	"2018-03-02 00:00:00"	0	
243	3大害虫終了ムービー		"2018-03-05 00:00:00"	"2018-03-05 00:00:00"	0	
244	複数のゴール地点		"2018-03-12 00:00:00"	"2018-03-12 00:00:00"	0	
245	特命任務召喚キーチュートリアル		"2018-03-15 00:00:00"	"2018-03-15 00:00:00"	0	
246	パネル説明　スポーツパネルの説明　ステージID:38400-38490		"2018-03-16 00:00:00"	"2018-03-16 00:00:00"	0	
247	アイテム説明　シェル・シトリン　イベントID:38400-38490		"2018-03-16 00:00:00"	"2018-03-16 00:00:00"	0	
248	ステージ画面　特殊任務水影の騎士7弾　アビリティについて		"2018-03-27 00:00:00"	"2018-03-27 00:00:00"	0	
249	2018エイプリルフールマカロンクリッカーアチーブメント		"2018-03-27 00:00:00"	"2018-03-27 00:00:00"	0	
250	トレジャーラリーチュートリアル		"2018-03-29 00:00:00"	"2018-03-29 00:00:00"	0	
251	パネル説明　お花見パネル説明　イベントID38500-38590		"2018-03-30 00:00:00"	"2018-03-30 00:00:00"	0	
252	アイテム説明　花見のお弁当　イベントID38500-38590		"2018-03-30 00:00:00"	"2018-03-30 00:00:00"	0	
253	パネル説明　イースターカジノパネル説明　イベントID38600-38690		"2018-03-30 00:00:00"	"2018-03-30 00:00:00"	0	
254	アイテム説明　豪華なパンケーキ　イベントID38600-38690		"2018-03-30 00:00:00"	"2018-03-30 00:00:00"	0	
255	ステージ画面　水影1章EX破級　ID：410150		"2018-04-18 00:00:00"	"2018-04-18 00:00:00"	0	
256	2回目:3大害虫前半ムービー		"2018-04-23 00:00:00"	"2018-04-23 00:00:00"	0	
257	2回目:3大害虫後半ムービー		"2018-04-23 00:00:00"	"2018-04-23 00:00:00"	0	
258	2回目:3大害虫終了後ムービー		"2018-04-23 00:00:00"	"2018-04-23 00:00:00"	0	
259	2回目:3大害虫前半チュートリアル		"2018-04-23 00:00:00"	"2018-04-23 00:00:00"	0	
260	2回目:3大害虫後半チュートリアル		"2018-04-23 00:00:00"	"2018-04-23 00:00:00"	0	
261	2回目:3大害虫後半コア撃破後チュートリアル		"2018-04-23 00:00:00"	"2018-04-23 00:00:00"	0	
262	特殊極限第5弾　複数弱点属性（突魔）		"2018-04-25 00:00:00"	"2018-04-25 00:00:00"	0	
263	パネル説明　報酬パネル＆木彫りの記念ブローチ説明　ID38700-38790		"2018-04-26 00:00:00"	"2018-04-26 00:00:00"	0	
264	溶けない雪玉パネル説明		"2018-05-02 00:00:00"	"2018-05-02 00:00:00"	0	
265	パネル説明　カラクリパネル　イベントID38800-38890		"2018-05-10 00:00:00"	"2018-05-10 00:00:00"	0	
266	アイテム説明　秘密の鍵　イベントID38800-38890		"2018-05-10 00:00:00"	"2018-05-10 00:00:00"	0	
267	パネル説明　煙玉パネル　イベントID38800-38890		"2018-05-10 00:00:00"	"2018-05-10 00:00:00"	0	
268	パネル説明　花びらの雫パネル　イベントID38900-38990		"2018-05-10 00:00:00"	"2018-05-10 00:00:00"	0	
269	アイテム説明　梅雨晴れの雲　イベントID38900-38990		"2018-05-10 00:00:00"	"2018-05-10 00:00:00"	0	
270	ステージ画面　特殊任務水影の騎士8弾　ルート分岐パネル		"2018-05-27 00:00:00"	"2018-05-27 00:00:00"	0	
271	パネル説明　封筒パネル　イベントID39000-39090		"2018-06-07 00:00:00"	"2018-06-07 00:00:00"	0	
272	パネル説明　ビーチボールパネル　イベントID39100-39190		"2018-06-20 00:00:00"	"2018-06-20 00:00:00"	0	
273	アイテム説明　レイク・カルセドニー　イベントID39100-39190		"2018-06-20 00:00:00"	"2018-06-20 00:00:00"	0	
274	特殊極限第6弾　複数弱点属性（斬突）		"2018-06-22 00:00:00"	"2018-06-22 00:00:00"	0	
275	スマホ版　初回ステージ画面遷移時のアチーブメント		"2018-07-02 00:00:00"	"2018-07-02 00:00:00"	0	
276	スマホ版　初回フィルター表示時のアチーブメント		"2018-07-02 00:00:00"	"2018-07-02 00:00:00"	0	
277	スマホ版　贈り物画面で好感度100％にした		"2018-07-02 00:00:00"	"2018-07-02 00:00:00"	0	
278	スマホ版　団長レベルが10に到達		"2018-07-02 00:00:00"	"2018-07-02 00:00:00"	0	
279	スマホ版　☆5以上確定ガチャチケットを獲得した		"2018-07-02 00:00:00"	"2018-07-02 00:00:00"	0	
280	スマホ版　Googleplay、またはiosで初めてデートシーンを閲覧した		"2018-07-02 00:00:00"	"2018-07-02 00:00:00"	0	
281	パネル説明　カットラスパネル　イベントID39200-39290		"2018-07-04 00:00:00"	"2018-07-04 00:00:00"	0	
282	アイテム説明　導きの操舵輪　イベントID39200-39290		"2018-07-04 00:00:00"	"2018-07-04 00:00:00"	0	
283	ステージ画面　水影2章EX破級　ID：410250		"2018-07-12 00:00:00"	"2018-07-12 00:00:00"	0	
284	パネル説明　ステラのひかりパネル　イベントID39300-39390		"2018-07-18 00:00:00"	"2018-07-18 00:00:00"	0	
285	アイテム説明　綺羅星の金平糖　イベントID39300-39390		"2018-07-18 00:00:00"	"2018-07-18 00:00:00"	0	
286	2018ナズナ投票		"2018-07-18 00:00:00"	"2018-07-18 00:00:00"	0	
287	ステージ画面　特殊任務水影の騎士9弾　世界花の奇跡パネルについて		"2018-07-19 00:00:00"	"2018-07-19 00:00:00"	0	
288	2018ナズナ投票会話イベント		"2018-07-19 00:00:00"	"2018-07-19 00:00:00"	0	
289	2018ナズナ投票手紙イベント		"2018-07-19 00:00:00"	"2018-07-19 00:00:00"	0	
290	パネル説明　あざやか提灯パネル　イベントID39400-39490		"2018-07-18 00:00:00"	"2018-07-18 00:00:00"	0	
291	パネル説明　獄舎の鍵パネル　イベントID39500-39590		"2018-07-04 00:00:00"	"2018-07-04 00:00:00"	0	
292	アイテム説明　封壊の斧　イベントID39500-39590		"2018-07-04 00:00:00"	"2018-07-04 00:00:00"	0	
293	パネル説明　大道芸パネル　イベントID39600-39690		"2018-07-04 00:00:00"	"2018-07-04 00:00:00"	0	
294	アイテム説明　鮮やかな入場券　イベントID39600-39690		"2018-07-04 00:00:00"	"2018-07-04 00:00:00"	0	
295	通常任務シーズン２PV視聴		"2018-09-03 00:00:00"	"2018-09-03 00:00:00"	0	
296	パネル説明　フラッグパネル　イベントID39700-39790		"2018-07-04 00:00:00"	"2018-07-04 00:00:00"	0	
297	アイテム説明　誘いのお菓子　イベントID39700-39790		"2018-09-03 00:00:00"	"2018-09-03 00:00:00"	0	
298	クジラ艇　ストーリー閲覧確認用		"2018-09-14 00:00:00"	"2018-09-14 00:00:00"	0	
299	水族艦編成チュートリアル		"2018-09-20 00:00:00"	"2018-09-20 00:00:00"	0	
300	特殊極限第7弾　複数弱点属性（打魔）		"2018-09-20 00:00:00"	"2018-09-20 00:00:00"	0	
301	パネル説明　アフタヌーンティーパネル　イベントID39800-39890		"2018-09-27 00:00:00"	"2018-09-27 00:00:00"	0	
302	ステージ画面　特殊任務水影の騎士10弾		"2018-10-09 00:00:00"	"2018-10-09 00:00:00"	0	
303	パネル説明　アイシングクッキーパネル　イベントID39900-39990		"2018-10-09 00:00:00"	"2018-10-09 00:00:00"	0	
304	アイテム説明　金色のかぼちゃプリン　イベントID39900-39990		"2018-10-09 00:00:00"	"2018-10-09 00:00:00"	0	
305	パネル説明　風流な扇子パネル　イベントID40000-40090		"2018-10-25 00:00:00"	"2018-10-25 00:00:00"	0	
306	アイテム説明　でんでん太鼓　イベントID40000-40090		"2018-10-25 00:00:00"	"2018-10-25 00:00:00"	0	
307	パネル説明　動物バルーンパネル　イベントID40100-40190		"2018-10-25 00:00:00"	"2018-10-25 00:00:00"	0	
308	アイテム説明　おいしいほね　イベントID40100-40190		"2018-10-25 00:00:00"	"2018-10-25 00:00:00"	0	
309	特殊極限第8弾　複数弱点属性（斬魔）		"2018-11-08 00:00:00"	"2018-11-08 00:00:00"	0	
310	パネル説明　ニットギフトパネル　イベントID40200-40290		"2018-11-21 00:00:00"	"2018-11-21 00:00:00"	0	
311	ステージ画面　特殊任務水影の騎士11弾		"2018-11-30 00:00:00"	"2018-11-30 00:00:00"	0	
312	特殊極限第8弾　複数弱点属性（打突）		"2018-12-06 00:00:00"	"2018-12-06 00:00:00"	0	
313	パネル説明　賛美の楽譜パネル　イベントID40300-40390		"2018-12-07 00:00:00"	"2018-12-07 00:00:00"	0	
314	アイテム説明　聖夜のトランペット　イベントID40300-40390		"2018-12-07 00:00:00"	"2018-12-07 00:00:00"	0	
315	パネル説明　プレゼント袋パネル　イベントID40300-40390		"2018-12-07 00:00:00"	"2018-12-07 00:00:00"	0	
316	パネル説明　正月支度パネル　イベント40400-40490		"2018-12-20 00:00:00"	"2018-12-20 00:00:00"	0	
317	アイテム説明　祈りの枝葉　イベント40400-40490		"2018-12-20 00:00:00"	"2018-12-20 00:00:00"	0	
318	特殊チャレンジ任務　害虫連戦パネル		"2018-12-20 00:00:00"	"2018-12-20 00:00:00"	0	
319	レベル上限突破アイテム説明		"0208-12-22 00:00:00"	"2018-12-22 00:00:00"	0	
320	パネル説明　灯の花パネル　イベント40500-40590		"2018-12-26 00:00:00"	"2018-12-26 00:00:00"	0	
321	アイテム説明　灯の花のランタン　イベント40500-40590		"2018-12-26 00:00:00"	"2018-12-26 00:00:00"	0	
322	ステージ画面　水影3章EX破級　ID：410350		"2019-01-10 00:00:00"	"2019-01-10 00:00:00"	0	
323	チャレンジダンジョン解放		"2019-01-15 00:00:00"	"2019-01-15 00:00:00"	0	
324	パネル説明　台本パネル　イベント40600-40690		"2019-01-17 00:00:00"	"2019-01-17 00:00:00"	0	
325	アイテム説明　おひめさまティアラ　イベント40600-40690		"2019-01-17 00:00:00"	"2019-01-17 00:00:00"	0	
326	パネル説明　調理ボウルパネル　イベント40700-40790		"2019-01-29 00:00:00"	"2019-01-29 00:00:00"	0	
327	アイテム説明　恋の成熟ケーキ　イベント40700-40790		"2019-01-29 00:00:00"	"2019-01-29 00:00:00"	0	
328	「ナーエちゃんはじめまして」閲覧フラグ用		"2019-02-05 00:00:00"	"2019-02-05 00:00:00"	0	
329	ステージ画面　特殊任務水影の騎士12弾		"2019-02-07 00:00:00"	"2019-02-07 00:00:00"	0	
330	クイズ　問題1	fkg_se_question	"2019-02-08 00:00:00"	"2019-02-08 00:00:00"	0	
331	クイズ　問題2	fkg_se_question	"2019-02-08 00:00:00"	"2019-02-08 00:00:00"	0	
332	クイズ　問題3	fkg_se_question	"2019-02-08 00:00:00"	"2019-02-08 00:00:00"	0	
333	クイズ　問題4	fkg_se_question	"2019-02-08 00:00:00"	"2019-02-08 00:00:00"	0	
334	クイズ　問題5	fkg_se_question	"2019-02-08 00:00:00"	"2019-02-08 00:00:00"	0	
335	クイズ　問題6	fkg_se_question	"2019-02-08 00:00:00"	"2019-02-08 00:00:00"	0	
336	パネル説明　ボート券パネル　イベント40800-40890		"2019-02-14 00:00:00"	"2019-02-14 00:00:00"	0	
337	アイテム説明　トロフィオパール　イベント40800-40890		"2019-02-14 00:00:00"	"2019-02-14 00:00:00"	0	
338	パネル説明　ボート加速パネル・ボムパネル		"2019-02-14 00:00:00"	"2019-02-14 00:00:00"	0	
339	パネル説明　順位付きゴールパネル		"2019-02-14 00:00:00"	"2019-02-14 00:00:00"	0	
340	コラボ用		"2019-02-14 00:00:00"	"2019-02-14 00:00:00"	0	
341	コラボ　報酬パネル		"2019-02-26 00:00:00"	"2019-02-26 00:00:00"	0	
342	パネル説明　事件の証拠物品パネル　イベント40900-40990		"2019-02-27 00:00:00"	"2019-02-27 00:00:00"	0	
343	アイテム説明　正義の捕り物道具　イベント40900-40990		"2019-02-26 00:00:00"	"2019-02-27 00:00:00"	0	
344	イベント107弾レイド_チュートリアル		"2019-03-03 00:00:00"	"2019-03-03 00:00:00"	0	
345	パネル説明　カジノチップパネル　イベント41000-41090		"2019-03-13 00:00:00"	"2019-03-13 00:00:00"	0	
346	アイテム説明　ゴールデンダイス道具　イベント41000-41090		"2019-03-13 00:00:00"	"2019-03-13 00:00:00"	0	
347	ステージ画面　極限任務ストーリーズ　第1弾		"2019-03-22 00:00:00"	"2019-03-22 00:00:00"	0	
348	パネル説明　原石パネル　イベント41100-41190		"2019-03-26 00:00:00"	"2019-03-26 00:00:00"	0	
349	アイテム説明　探索地図道具　イベント41100-41190		"2019-03-26 00:00:00"	"2019-03-26 00:00:00"	0	
350	パネル説明　封印パネル		"2019-03-28 00:00:00"	"2019-03-28 00:00:00"	0	
351	エイプリルフール2019		"2019-03-28 00:00:00"	"2019-03-28 00:00:00"	0	
352	"クイズ　第二回 問題1"	fkg_se_question	"2019-04-02 00:00:00"	"2019-04-02 00:00:00"	0	
353	"クイズ　第二回 問題2"	fkg_se_question	"2019-04-02 00:00:00"	"2019-04-02 00:00:00"	0	
354	"クイズ　第二回 問題3"	fkg_se_question	"2019-04-02 00:00:00"	"2019-04-02 00:00:00"	0	
355	"クイズ　第二回 問題4"	fkg_se_question	"2019-04-02 00:00:00"	"2019-04-02 00:00:00"	0	
356	"クイズ　第二回 問題5"	fkg_se_question	"2019-04-02 00:00:00"	"2019-04-02 00:00:00"	0	
357	"クイズ　第二回 問題6"	fkg_se_question	"2019-04-02 00:00:00"	"2019-04-02 00:00:00"	0	
358	"クイズ　第二回 問題7"	fkg_se_question	"2019-04-02 00:00:00"	"2019-04-02 00:00:00"	0	
359	パネル説明　エッグ＆スプーンパネル　イベント41200-41290		"2019-04-10 00:00:00"	"2019-04-10 00:00:00"	0	
360	イベント　追加ステージ１日目		"2019-04-18 00:00:00"	"2019-04-18 00:00:00"	0	
361	イベント　追加ステージ２日目		"2019-04-18 00:00:00"	"2019-04-18 00:00:00"	0	
362	イベント　追加ステージ３日目		"2019-04-18 00:00:00"	"2019-04-18 00:00:00"	0	
363	イベント　追加ステージ４日目		"2019-04-18 00:00:00"	"2019-04-18 00:00:00"	0	
364	イベント　追加ステージ５日目		"2019-04-18 00:00:00"	"2019-04-18 00:00:00"	0	
365	イベント　追加ステージ６日目		"2019-04-18 00:00:00"	"2019-04-18 00:00:00"	0	
366	イベント　追加ステージ７日目		"2019-04-18 00:00:00"	"2019-04-18 00:00:00"	0	
367	ステージ画面　特殊任務水影の騎士12弾　ハートドライブ		"2019-04-18 00:00:00"	"2019-04-18 00:00:00"	0	
368	パネル説明　グローブパネル　イベント41300-41390		"2019-04-22 00:00:00"	"2019-04-22 00:00:00"	0	
369	アイテム説明　ウィニングボール　イベント41300-41390		"2019-04-22 00:00:00"	"2019-04-22 00:00:00"	0	
370	"クイズ　第3回 問題1"	fkg_se_question	"2019-04-23 00:00:00"	"2019-04-23 00:00:00"	0	
371	"クイズ　第3回 問題2"	fkg_se_question	"2019-04-23 00:00:00"	"2019-04-23 00:00:00"	0	
372	"クイズ　第3回 問題3"	fkg_se_question	"2019-04-23 00:00:00"	"2019-04-23 00:00:00"	0	
373	"クイズ　第3回 問題4"	fkg_se_question	"2019-04-23 00:00:00"	"2019-04-23 00:00:00"	0	
374	"クイズ　第3回 問題5"	fkg_se_question	"2019-04-23 00:00:00"	"2019-04-23 00:00:00"	0	
375	"クイズ　第3回 問題6"	fkg_se_question	"2019-04-23 00:00:00"	"2019-04-23 00:00:00"	0	
376	"クイズ　第3回 問題7"	fkg_se_question	"2019-04-23 00:00:00"	"2019-04-23 00:00:00"	0	
377	パネル説明　陽光の雫パネル　イベント41500-41590		"2019-04-26 00:00:00"	"2019-04-26 00:00:00"	0	
378	アイテム説明　陽光ゼリー　イベント41500-41590		"2019-04-26 00:00:00"	"2019-04-26 00:00:00"	0	
379	パネル説明　ジャンプキノコパネル		"2019-05-22 00:00:00"	"2019-05-22 00:00:00"	0	
380	パネル説明　わくわくキノコパネル　イベント41600-41690		"2019-05-23 00:00:00"	"2019-05-23 00:00:00"	0	
381	アイテム説明　ダイヤモンドキノコ　イベント41600-41690		"2019-05-23 00:00:00"	"2019-05-23 00:00:00"	0	
382	パネル説明　トルソーとドレスパネル　イベント41700-41790		"2019-06-04 00:00:00"	"2019-06-04 00:00:00"	0	
383	アイテム説明　クリスタルブーケ　イベント41700-41790		"2019-06-04 00:00:00"	"2019-06-04 00:00:00"	0	
384	パネル説明　保存食パネル　イベント41800-41890		"2019-06-18 00:00:00"	"2019-06-18 00:00:00"	0	
385	アイテム説明　七色のミル　イベント41800-41890		"2019-06-18 00:00:00"	"2019-06-18 00:00:00"	0	
386	すれ違う少女　第1章		"2019-06-19 00:00:00"	"2019-06-19 00:00:00"	0	
387	パネル説明　お掃除メカナズナパネル		"2019-06-19 00:00:00"	"2019-06-19 00:00:00"	0	
388	ステージ画面　特殊任務水影の騎士14弾		"2019-06-25 00:00:00"	"2019-06-25 00:00:00"	0	
389	パネル説明　海の家の食べ物パネル		"2019-07-02 00:00:00"	"2019-07-02 00:00:00"	0	
390	"クイズ　夏用 問題1"	fkg_se_question	"2019-07-08 00:00:00"	"2019-07-08 00:00:00"	0	
391	"クイズ　夏用 問題2"	fkg_se_question	"2019-07-08 00:00:00"	"2019-07-08 00:00:00"	0	
392	"クイズ　夏用 問題3"	fkg_se_question	"2019-07-08 00:00:00"	"2019-07-08 00:00:00"	0	
393	"クイズ　夏用 問題4"	fkg_se_question	"2019-07-08 00:00:00"	"2019-07-08 00:00:00"	0	
394	"クイズ　夏用 問題5"	fkg_se_question	"2019-07-08 00:00:00"	"2019-07-08 00:00:00"	0	
395	"クイズ　夏用 問題6"	fkg_se_question	"2019-07-08 00:00:00"	"2019-07-08 00:00:00"	0	
396	"クイズ　夏用 問題7"	fkg_se_question	"2019-07-08 00:00:00"	"2019-07-08 00:00:00"	0	
397	"クイズ　夏用 問題8"	fkg_se_question	"2019-07-08 00:00:00"	"2019-07-08 00:00:00"	0	
398	パネル説明　マニュ救出パネル　イベント42000-42090		"2019-07-08 00:00:00"	"2019-07-08 00:00:00"	0	
399	アイテム説明　スーパードリンク　イベント42000-42090		"2019-07-08 00:00:00"	"2019-07-08 00:00:00"	0	
400	ナーエとスタートパネル　イベントID：42000-42070		"2019-07-08 00:00:00"	"2019-07-08 00:00:00"	0	
401	3大害虫(ミズウォルム)前半ムービー		"2019-07-17 00:00:00"	"2019-07-17 00:00:00"	0	
402	3大害虫(ミズウォルム)後半ムービー		"2019-07-17 00:00:00"	"2019-07-17 00:00:00"	0	
403	3大害虫(ミズウォルム)終了後ムービー		"2019-07-17 00:00:00"	"2019-07-17 00:00:00"	0	
404	3大害虫(ミズウォルム)前半チュートリアル		"2019-07-17 00:00:00"	"2019-07-17 00:00:00"	0	
405	3大害虫(ミズウォルム)会話スクリプト		"2019-07-17 00:00:00"	"2019-07-17 00:00:00"	0	
406	3大害虫(ミズウォルム)精霊の花パネル		"2019-07-22 00:00:00"	"2019-07-22 00:00:00"	0	
407	3大害虫(ミズウォルム)千花繚乱の勲章		"2019-07-22 00:00:00"	"2019-07-22 00:00:00"	0	
408	3大害虫(ミズウォルム)前半チュートリアル2		"2019-07-22 00:00:00"	"2019-07-22 00:00:00"	0	
409	パネル説明　勝利のビーチフラッグ　イベント42100-42190		"2019-07-31 00:00:00"	"2019-07-31 00:00:00"	0	
410	アイテム説明　スポーツドリンク　イベント42100-42190		"2019-07-31 00:00:00"	"2019-07-31 00:00:00"	0	
411	パネル説明　スワンうきわ　イベント42200-42290		"2019-08-13 00:00:00"	"2019-08-13 00:00:00"	0	
412	アイテム説明　アンカーターコイズ　イベント42200-42290		"2019-08-13 00:00:00"	"2019-08-13 00:00:00"	0	
413	"クイズ　第4回 問題1"	fkg_se_question	"2019-08-16 00:00:00"	"2019-08-16 00:00:00"	0	
414	"クイズ　第4回 問題2"	fkg_se_question	"2019-08-16 00:00:00"	"2019-08-16 00:00:00"	0	
415	"クイズ　第4回 問題3"	fkg_se_question	"2019-08-16 00:00:00"	"2019-08-16 00:00:00"	0	
416	"クイズ　第4回 問題4"	fkg_se_question	"2019-08-16 00:00:00"	"2019-08-16 00:00:00"	0	
417	"クイズ　第4回 問題5"	fkg_se_question	"2019-08-16 00:00:00"	"2019-08-16 00:00:00"	0	
418	"クイズ　第4回 問題6"	fkg_se_question	"2019-08-16 00:00:00"	"2019-08-16 00:00:00"	0	
419	"クイズ　第4回 問題7"	fkg_se_question	"2019-08-16 00:00:00"	"2019-08-16 00:00:00"	0	
420	"クイズ　Re:夏用 問題1"	fkg_se_question	"2019-07-08 00:00:00"	"2019-07-08 00:00:00"	0	
421	"クイズ　Re:夏用 問題2"	fkg_se_question	"2019-07-08 00:00:00"	"2019-07-08 00:00:00"	0	
422	"クイズ　Re:夏用 問題3"	fkg_se_question	"2019-07-08 00:00:00"	"2019-07-08 00:00:00"	0	
423	"クイズ　Re:夏用 問題4"	fkg_se_question	"2019-07-08 00:00:00"	"2019-07-08 00:00:00"	0	
424	"クイズ　Re:夏用 問題5"	fkg_se_question	"2019-07-08 00:00:00"	"2019-07-08 00:00:00"	0	
425	"クイズ　Re:夏用 問題6"	fkg_se_question	"2019-07-08 00:00:00"	"2019-07-08 00:00:00"	0	
426	"クイズ　Re:夏用 問題7"	fkg_se_question	"2019-07-08 00:00:00"	"2019-07-08 00:00:00"	0	
427	"クイズ　Re:夏用 問題8"	fkg_se_question	"2019-07-08 00:00:00"	"2019-07-08 00:00:00"	0	
428	side.監獄島　ルートパネル透明化の説明		"2019-08-19 00:00:00"	"2019-08-19 00:00:00"	0	
433	FMコンテンツ1		"2019-08-21 00:00:00"	"2019-08-21 00:00:00"	0	
434	FMコンテンツ2		"2019-08-21 00:00:00"	"2019-08-21 00:00:00"	0	
435	FMコンテンツ3		"2019-08-21 00:00:00"	"2019-08-21 00:00:00"	0	
436	ステージ画面　特殊任務水影の騎士15弾		"2019-08-23 00:00:00"	"2019-08-23 00:00:00"	0	
437	ステージ画面　特殊任務水影の騎士15弾　最上級用		"2019-08-23 00:00:00"	"2019-08-23 00:00:00"	0	
438	パネル説明　ハーブボトルパネル　イベント42300-42390		"2019-08-26 00:00:00"	"2019-08-26 00:00:00"	0	
439	アイテム説明　湖畔の水鏡　イベント42300-42390		"2019-08-26 00:00:00"	"2019-08-26 00:00:00"	0	
440	フラワーメモリー装着アチーブメント		"2019-09-02 00:00:00"	"2019-09-02 00:00:00"	0	
441	フラワーメモリー強化アチーブメント		"2019-09-02 00:00:00"	"2019-09-02 00:00:00"	0	
442	パネル説明　投げなわパネル　イベント42400-42490		"2019-09-12 00:00:00"	"2019-09-12 00:00:00"	0	
443	アイテム説明　美味しいミルク缶　イベント42400-42490		"2019-09-12 00:00:00"	"2019-09-12 00:00:00"	0	
444	パネル説明　舞踏会招待状パネル　イベント42500-42590		"2019-09-26 00:00:00"	"2019-09-26 00:00:00"	0	
445	アイテム説明　WRクォーツ　イベント42500-45490		"2019-09-26 00:00:00"	"2019-09-26 00:00:00"	0	
446	パネル説明　馬車パネル　イベント42500-45490		"2019-09-26 00:00:00"	"2019-09-26 00:00:00"	0	
447	アイテム説明　スイートロリポップ　イベント42600-42690		"2019-10-07 00:00:00"	"2019-10-07 00:00:00"	0	
448	ステージ説明　HIGH&LOWゲーム　イベント　10321-10323		"2019-10-11 00:00:00"	"2019-10-11 00:00:00"	0	
449	"クイズ　第5回 問題1"	fkg_se_question	"2019-10-24 00:00:00"	"2019-10-24 00:00:00"	0	
450	"クイズ　第5回 問題2"	fkg_se_question	"2019-10-24 00:00:00"	"2019-10-24 00:00:00"	0	
451	"クイズ　第5回 問題3"	fkg_se_question	"2019-10-24 00:00:00"	"2019-10-24 00:00:00"	0	
452	"クイズ　第5回 問題4"	fkg_se_question	"2019-10-24 00:00:00"	"2019-10-24 00:00:00"	0	
453	"クイズ　第5回 問題5"	fkg_se_question	"2019-10-24 00:00:00"	"2019-10-24 00:00:00"	0	
454	"クイズ　第5回 問題6"	fkg_se_question	"2019-10-24 00:00:00"	"2019-10-24 00:00:00"	0	
455	"クイズ　第5回 問題7"	fkg_se_question	"2019-10-24 00:00:00"	"2019-10-24 00:00:00"	0	
456	パネル説明　埋蔵金パネル　イベント42700-42790		"2019-10-24 00:00:00"	"2019-10-24 00:00:00"	0	
457	アイテム説明　マフル草餅膳　イベント42700-42790		"2019-10-24 00:00:00"	"2019-10-24 00:00:00"	0	
458	ステージ画面　水影5章EX破級　ID：410550		"2019-11-06 00:00:00"	"2019-11-06 00:00:00"	0	
459	パネル説明　スケッチブック　イベント42800-42890		"2019-11-08 00:00:00"	"2019-11-08 00:00:00"	0	
460	アイテム説明　華パワーD　イベント42800-42890		"2019-11-08 00:00:00"	"2019-11-08 00:00:00"	0	
461	パネル説明　すれ違う少女4章　ID:460030		"2019-11-11 00:00:00"	"2019-11-11 00:00:00"	0	
462	パネル説明　メガ盛りグルメ　イベント42900-42990		"2019-11-18 00:00:00"	"2019-11-18 00:00:00"	0	
463	アイテム説明　おかわりコールベル　イベント42900-42990		"2019-11-18 00:00:00"	"2019-11-18 00:00:00"	0	
464	パネル説明　飾りかけのツリー　イベント43000-43095		"2019-12-04 00:00:00"	"2019-12-04 00:00:00"	0	
465	パネル説明　餅つきマニュ　イベント43100-43190		"2019-12-25 00:00:00"	"2019-12-25 00:00:00"	0	
466	アイテム説明　ホカホカぜんざい　イベント43100-43190		"2019-12-25 00:00:00"	"2019-12-25 00:00:00"	0	
467	パネル説明　年明け和傘パネル　イベント43200-43290		"2019-12-25 00:00:00"	"2019-12-25 00:00:00"	0	
468	アイテム説明　豊楽の盃　イベント43200-43290		"2019-12-25 00:00:00"	"2019-12-25 00:00:00"	0	
469	3大害虫(ミズウォルム)前半ムービー		"2019-12-23 00:00:00"	"2019-12-23 00:00:00"	0	
470	3大害虫(ミズウォルム)後半ムービー		"2019-12-23 00:00:00"	"2019-12-23 00:00:00"	0	
471	3大害虫(ミズウォルム)終了後ムービー		"2019-12-23 00:00:00"	"2019-12-23 00:00:00"	0	
472	3大害虫(ミズウォルム)前半チュートリアル		"2019-12-23 00:00:00"	"2019-12-23 00:00:00"	0	
473	3大害虫(ミズウォルム)会話スクリプト		"2019-12-23 00:00:00"	"2019-12-23 00:00:00"	0	
474	3大害虫(ミズウォルム)精霊の花パネル		"2019-12-23 00:00:00"	"2019-12-23 00:00:00"	0	
475	3大害虫(ミズウォルム)千花繚乱の勲章		"2019-12-23 00:00:00"	"2019-12-23 00:00:00"	0	
476	3大害虫(ミズウォルム)前半チュートリアル2		"2019-12-23 00:00:00"	"2019-12-23 00:00:00"	0	
477	人気投票予想くじ会話スクリプト		"2020-01-31 00:00:00"	"2020-01-31 00:00:00"	0	
478	人気投票予想くじチュートリアル2		"2020-01-31 00:00:00"	"2020-01-31 00:00:00"	0	
480	パネル説明　手作りチョコパネル　イベント43400-43490		"2020-01-31 00:00:00"	"2020-01-31 00:00:00"	0	
481	アイテム説明　ラッピングチョコ　イベント43400-43490		"2020-01-31 00:00:00"	"2020-01-31 00:00:00"	0	
482	ステージ画面　水影6章EX破級　ID：410650		"2020-02-07 00:00:00"	"2020-02-07 00:00:00"	0	
483	すれ違う少女6章		"2020-02-12 00:00:00"	"2020-02-12 00:00:00"	0	
484	パネル説明　愛染流指南書パネル　イベント43500-43590		"2020-01-31 00:00:00"	"2020-01-31 00:00:00"	0	
485	ブーストアイテム説明　免許皆伝書　イベント43500-43590		"2020-01-31 00:00:00"	"2020-01-31 00:00:00"	0	
486	初心者応援ダンジョン		"2020-02-19 00:00:00"	"2020-02-19 00:00:00"	0	
487	パネル説明　淑女のたしなみパネル　イベント43600-43690		"2020-02-19 00:00:00"	"2020-02-19 00:00:00"	0	
488	アイテム説明　春の手毬寿司膳　イベント43600-43690		"2020-02-19 00:00:00"	"2020-02-19 00:00:00"	0	
489	スワン艇と水族艦のステータスについて		"2020-03-06 00:00:00"	"2020-03-06 00:00:00"	0	
490	パネル説明　お茶会パネル　イベント43700-43790		"2020-02-19 00:00:00"	"2020-02-19 00:00:00"	0	
491	アイテム説明　シークレットサファイア　イベント43700-43790		"2020-02-19 00:00:00"	"2020-02-19 00:00:00"	0	
492	パネル説明　フルーツワゴンパネル　イベント43800-43890		"2020-03-23 00:00:00"	"2020-03-23 00:00:00"	0	
493	アイテム説明　豪華なフルーツタワー　イベント43800-43890		"2020-03-23 00:00:00"	"2020-03-23 00:00:00"	0	
494	パネル説明　イースターエッグパネル　イベント43900-43990		"2020-04-06 00:00:00"	"2020-04-06 00:00:00"	0	
495	パネル説明　からくり工具パネル　イベント44000-44090		"2020-04-21 00:00:00"	"2020-04-21 00:00:00"	0	
496	アイテム説明　からくり工具セット　イベント44000-44090		"2020-04-21 00:00:00"	"2020-04-21 00:00:00"	0	
497	パネル説明　強靭なかかしパネル　イベント44100-44190		"2020-04-27 00:00:00"	"2020-04-27 00:00:00"	0	
498	アイテム説明　勝利のパネル　イベント44100-44190		"2020-04-27 00:00:00"	"2020-04-27 00:00:00"	0	
499	パネル説明　ハニーパネル　イベント44200-44290		"2020-04-27 00:00:00"	"2020-04-27 00:00:00"	0	
500	アイテム説明　ハニーのメダル　イベント44200-44290		"2020-04-27 00:00:00"	"2020-04-27 00:00:00"	0	
501	パネル説明　契りの祭具パネル　イベント44300-44390		"2020-04-27 00:00:00"	"2020-04-27 00:00:00"	0	
502	アイテム説明　天道の明鏡　イベント44300-44390		"2020-04-27 00:00:00"	"2020-04-27 00:00:00"	0	
503	"クイズ　第6回 問題1"	fkg_se_question	"2020-06-12 00:00:00"	"2020-06-12 00:00:00"	0	
504	"クイズ　第6回 問題2"	fkg_se_question	"2020-06-12 00:00:00"	"2020-06-12 00:00:00"	0	
505	"クイズ　第6回 問題3"	fkg_se_question	"2020-06-12 00:00:00"	"2020-06-12 00:00:00"	0	
506	"クイズ　第6回 問題4"	fkg_se_question	"2020-06-12 00:00:00"	"2020-06-12 00:00:00"	0	
507	"クイズ　第6回 問題6"	fkg_se_question	"2020-06-12 00:00:00"	"2020-06-12 00:00:00"	0	
508	"クイズ　第6回 問題6"	fkg_se_question	"2020-06-12 00:00:00"	"2020-06-12 00:00:00"	0	
509	"クイズ　第6回 問題7"	fkg_se_question	"2020-06-12 00:00:00"	"2020-06-12 00:00:00"	0	
510	パネル説明　願いの笹パネル　イベント44400-44490		"2020-06-15 00:00:00"	"2020-06-15 00:00:00"	0	
511	アイテム説明　祷りの吹き流し　イベント44400-44490		"2020-06-15 00:00:00"	"2020-06-15 00:00:00"	0	
512	3大害虫(ミズウォルム)前半ムービー		"2020-06-17 00:00:00"	"2020-06-17 00:00:00"	0	
513	3大害虫(ミズウォルム)後半ムービー		"2020-06-17 00:00:00"	"2020-06-17 00:00:00"	0	
514	3大害虫(ミズウォルム)終了後ムービー		"2020-06-17 00:00:00"	"2020-06-17 00:00:00"	0	
515	3大害虫(ミズウォルム)前半チュートリアル		"2020-06-17 00:00:00"	"2020-06-17 00:00:00"	0	
516	3大害虫(ミズウォルム)会話スクリプト		"2020-06-17 00:00:00"	"2020-06-17 00:00:00"	0	
517	3大害虫(ミズウォルム)精霊の花パネル		"2020-06-17 00:00:00"	"2020-06-17 00:00:00"	0	
518	3大害虫(ミズウォルム)千花繚乱の勲章		"2020-06-17 00:00:00"	"2020-06-17 00:00:00"	0	
519	3大害虫(ミズウォルム)前半チュートリアル2		"2020-06-17 00:00:00"	"2020-06-17 00:00:00"	0	
520	パネル説明　おさかなバケツパネル　イベント44500-44590		"2020-06-29 00:00:00"	"2020-06-29 00:00:00"	0	
521	アイテム説明　フィッシュ・ガーネット　イベント44500-44590		"2020-06-29 00:00:00"	"2020-06-29 00:00:00"	0	
522	ステージ画面　水影9章EX破級　ID:410950		"2020-07-07 00:00:00"	"2020-07-07 00:00:00"	0	
523	パネル説明　海辺のシールドパネル　イベント44600-44690		"2020-07-13 00:00:00"	"2020-07-13 00:00:00"	0	
524	パネル説明　歴史の断片パネル　イベント44700-44790		"2020-07-27 00:00:00"	"2020-07-27 00:00:00"	0	
525	アイテム説明　青バナナのマトケ　イベント44700-44790		"2020-07-27 00:00:00"	"2020-07-27 00:00:00"	0	
526	パネル説明　悠久の魔石碑パネル　イベント44800-44890		"2020-08-11 00:00:00"	"2020-08-11 00:00:00"	0	
527	アイテム説明　不思議なサンゴ　イベント44800-44890		"2020-08-11 00:00:00"	"2020-08-11 00:00:00"	0	
528	パネル説明　不思議な花つぼみパネル　イベント44900-44990		"2020-08-25 00:00:00"	"2020-08-25 00:00:00"	0	
529	アイテム説明　深き森の花　イベント44900-44990		"2020-08-25 00:00:00"	"2020-08-25 00:00:00"	0	
530	カラクリイベントTOP		"2020-08-28 00:00:00"	"2020-08-28 00:00:00"	0	
531	カラクリ編成確認画面		"2020-08-28 00:00:00"	"2020-08-28 00:00:00"	0	
532	パネル説明　天然キノコパネル　イベント45000-45090		"2020-09-08 00:00:00"	"2020-09-08 00:00:00"	0	
533	カラクリ会話スクリプト		"2020-09-10 00:00:00"	"2020-09-10 00:00:00"	0	
534	カラクリHP回復		"2020-08-28 00:00:00"	"2020-08-28 00:00:00"	0	
535	カラクリターン制限		"2020-08-28 00:00:00"	"2020-08-28 00:00:00"	0	
536	カラクリHPについて		"2020-09-08 00:00:00"	"2020-09-08 00:00:00"	0	
537	パネル説明　投票箱パネル　イベント45100-45190		"2020-09-23 00:00:00"	"2020-09-23 00:00:00"	0	
538	アイテム説明　姉妹ロゼット　イベント45100-45190		"2020-09-23 00:00:00"	"2020-09-23 00:00:00"	0	
539	パネル説明　イベント149弾		"2020-10-06 00:00:00"	"2020-10-06 00:00:00"	0	
540	アイテム説明　イベント149弾		"2020-10-06 00:00:00"	"2020-10-06 00:00:00"	0	
541	アイテム説明　イベント150弾		"2020-10-20 00:00:00"	"2020-10-20 00:00:00"	0	
542	パネル説明　イベント151弾		"2020-11-04 00:00:00"	"2020-11-04 00:00:00"	0	
543	アイテム説明　イベント151弾		"2020-11-04 00:00:00"	"2020-11-04 00:00:00"	0	
544	カラクリイベントTOP_リリース		"2020-11-05 00:00:00"	"2020-11-05 00:00:00"	0	
545	カラクリ編成確認画面_リリース		"2020-11-05 00:00:00"	"2020-11-05 00:00:00"	0	
546	カラクリHP回復		"2020-11-06 00:00:00"	"2020-11-06 00:00:00"	0	
547	カラクリターン制限		"2020-11-06 00:00:00"	"2020-11-06 00:00:00"	0	
548	カラクリHPについて		"2020-11-06 00:00:00"	"2020-11-06 00:00:00"	0	
549	パネル説明　イベント152弾		"2020-11-18 00:00:00"	"2020-11-18 00:00:00"	0	
550	アイテム説明　イベント152弾		"2020-11-18 00:00:00"	"2020-11-18 00:00:00"	0	
551	アイテム説明　イベント153弾		"2020-12-02 00:00:00"	"2020-12-02 00:00:00"	0	
552	パネル説明　イベント154弾		"2020-12-22 00:00:00"	"2020-12-22 00:00:00"	0	
553	アイテム説明　イベント154弾		"2020-12-22 00:00:00"	"2020-12-22 00:00:00"	0	
554	パネル説明　イベント155弾		"2021-01-05 00:00:00"	"2021-01-05 00:00:00"	0	
555	アイテム説明　イベント155弾		"2021-01-05 00:00:00"	"2021-01-05 00:00:00"	0	
556	3大害虫(フラスベルグ)前半ムービー		"2021-01-18 00:00:00"	"2021-01-18 00:00:00"	0	
557	3大害虫(フラスベルグ)後半ムービー		"2021-01-18 00:00:00"	"2021-01-18 00:00:00"	0	
558	3大害虫(フラスベルグ)終了後ムービー		"2021-01-18 00:00:00"	"2021-01-18 00:00:00"	0	
559	3大害虫(フラスベルグ)イベントTOPチュートリアル画像		"2021-01-18 00:00:00"	"2021-01-18 00:00:00"	0	
560	3大害虫(フラスベルグ)放置設定画面アチーブメント		"2021-01-18 00:00:00"	"2021-01-18 00:00:00"	0	
570	パネル説明　イベント156弾		"2021-01-19 00:00:00"	"2021-01-19 00:00:00"	0	
571	アイテム説明　イベント156弾		"2021-01-19 00:00:00"	"2021-01-19 00:00:00"	0	
572	パネル説明　イベント157弾		"2021-02-09 00:00:00"	"2021-02-09 00:00:00"	0	
573	パネル説明　イベント158弾		"2021-02-16 00:00:00"	"2021-02-16 00:00:00"	0	
574	アイテム説明　イベント158弾		"2021-02-16 00:00:00"	"2021-02-16 00:00:00"	0	
575	パネル説明　イベント159弾		"2021-03-01 00:00:00"	"2021-03-01 00:00:00"	0	
576	アイテム説明　イベント159弾		"2021-03-01 00:00:00"	"2021-03-01 00:00:00"	0	
577	3大害虫(ミズウォルム)前半ムービー		"2020-06-17 00:00:00"	"2020-06-17 00:00:00"	0	
578	3大害虫(ミズウォルム)後半ムービー		"2020-06-17 00:00:00"	"2020-06-17 00:00:00"	0	
579	3大害虫(ミズウォルム)終了後ムービー		"2020-06-17 00:00:00"	"2020-06-17 00:00:00"	0	
580	3大害虫(ミズウォルム)前半チュートリアル		"2020-06-17 00:00:00"	"2020-06-17 00:00:00"	0	
581	3大害虫(ミズウォルム)会話スクリプト		"2020-06-17 00:00:00"	"2020-06-17 00:00:00"	0	
582	3大害虫(ミズウォルム)精霊の花パネル		"2020-06-17 00:00:00"	"2020-06-17 00:00:00"	0	
583	3大害虫(ミズウォルム)千花繚乱の勲章		"2020-06-17 00:00:00"	"2020-06-17 00:00:00"	0	
584	3大害虫(ミズウォルム)前半チュートリアル2		"2020-06-17 00:00:00"	"2020-06-17 00:00:00"	0	
585	ソーラードライブ発動不可		"2021-03-08 00:00:00"	"2021-03-08 00:00:00"	0	
586	パネル説明　イベント160弾		"2021-03-16 00:00:00"	"2021-03-16 00:00:00"	0	
587	アイテム説明　イベント160弾		"2021-03-16 00:00:00"	"2021-03-16 00:00:00"	0	
588	パネル説明　イベント161弾		"2021-03-29 00:00:00"	"2021-03-29 00:00:00"	0	
589	アイテム説明　イベント161弾		"2021-03-29 00:00:00"	"2021-03-29 00:00:00"	0	
590	パネル説明　イベント162弾		"2021-04-13 00:00:00"	"2021-04-13 00:00:00"	0	
591	アイテム説明　イベント162弾		"2021-04-13 00:00:00"	"2021-04-13 00:00:00"	0	
592	パネル説明　イベント163弾		"2021-04-26 00:00:00"	"2021-04-26 00:00:00"	0	
593	アイテム説明　イベント163弾		"2021-04-26 00:00:00"	"2021-04-26 00:00:00"	0	
594	アイテム説明　イベント164弾		"2021-05-10 00:00:00"	"2021-05-10 00:00:00"	0	
595	パネル説明　イベント165弾		"2021-05-24 00:00:00"	"2021-05-24 00:00:00"	0	
596	アイテム説明　イベント165弾		"2021-05-24 00:00:00"	"2021-05-24 00:00:00"	0	
597	パネル説明　イベント166弾		"2021-06-07 00:00:00"	"2021-06-07 00:00:00"	0	
598	アイテム説明　イベント166弾		"2021-06-07 00:00:00"	"2021-06-07 00:00:00"	0	
599	団長プロフィール		"2021-06-07 00:00:00"	"2021-06-07 00:00:00"	0	
600	背景とフレーム		"2021-06-07 00:00:00"	"2021-06-07 00:00:00"	0	
601	アイテム説明　イベント167弾		"2021-05-10 00:00:00"	"2021-05-10 00:00:00"	0	
602	キャラ詳細　アチーブメント画像		"2021-06-25 00:00:00"	"2021-06-25 00:00:00"	0	
603	放置育成イベント用アチーブメント		"2021-07-05 00:00:00"	"2021-07-05 00:00:00"	0	
604	放置育成イベント用アチーブメント		"2021-07-05 00:00:00"	"2021-07-05 00:00:00"	0	
605	放置育成イベント用アチーブメント		"2021-07-05 00:00:00"	"2021-07-05 00:00:00"	0	
606	放置育成イベント用アチーブメント		"2021-07-05 00:00:00"	"2021-07-05 00:00:00"	0	
607	パネル説明　イベント168弾		"2021-07-05 00:00:00"	"2021-07-05 00:00:00"	0	
608	アイテム説明　イベント168弾		"2021-07-05 00:00:00"	"2021-07-05 00:00:00"	0	
609	パネル説明　イベント169弾		"2021-07-05 00:00:00"	"2021-07-05 00:00:00"	0	
610	アイテム説明　イベント169弾		"2021-07-05 00:00:00"	"2021-07-05 00:00:00"	0	
611	パネル説明　イベント170弾		"2021-07-05 00:00:00"	"2021-07-05 00:00:00"	0	
612	世界探索チュートリアル画像		"2021-07-05 00:00:00"	"2021-07-05 00:00:00"	0	
613	パネル説明　イベント171弾		"2021-08-16 00:00:00"	"2021-08-16 00:00:00"	0	
614	アイテム説明　イベント171弾		"2021-08-16 00:00:00"	"2021-08-16 00:00:00"	0	
615	"クイズ　第7回 問題1"	fkg_se_question	"2021-08-24 00:00:00"	"2021-08-24 00:00:00"	0	
616	"クイズ　第7回 問題2"	fkg_se_question	"2021-08-24 00:00:00"	"2021-08-24 00:00:00"	0	
617	"クイズ　第7回 問題3"	fkg_se_question	"2021-08-24 00:00:00"	"2021-08-24 00:00:00"	0	
618	"クイズ　第7回 問題4"	fkg_se_question	"2021-08-24 00:00:00"	"2021-08-24 00:00:00"	0	
619	"クイズ　第7回 問題6"	fkg_se_question	"2021-08-24 00:00:00"	"2021-08-24 00:00:00"	0	
620	"クイズ　第7回 問題6"	fkg_se_question	"2021-08-24 00:00:00"	"2021-08-24 00:00:00"	0	
621	"クイズ　第7回 問題7"	fkg_se_question	"2021-08-24 00:00:00"	"2021-08-24 00:00:00"	0	
622	パネル説明　イベント172弾		"2021-08-30 00:00:00"	"2021-08-30 00:00:00"	0	
623	アイテム説明　イベント172弾		"2021-08-30 00:00:00"	"2021-08-30 00:00:00"	0	
624	パネル説明　イベント173弾		"2021-08-30 00:00:00"	"2021-08-30 00:00:00"	0	
625	パネル説明　イベント174弾		"2021-08-30 00:00:00"	"2021-08-30 00:00:00"	0	
626	アイテム説明　イベント174弾		"2021-08-30 00:00:00"	"2021-08-30 00:00:00"	0	
627	"レイドイベント後半用腕試し チュートリアル"		"2021-10-06 00:00:00"	"2021-10-06 00:00:00"	0	
628	パネル説明　イベント175弾		"2021-10-13 00:00:00"	"2021-10-13 00:00:00"	0	
629	アイテム説明　イベント175弾		"2021-10-13 00:00:00"	"2021-10-13 00:00:00"	0	
630	パネル説明　イベント176弾		"2021-10-13 00:00:00"	"2021-10-13 00:00:00"	0	
631	アイテム説明　イベント176弾		"2021-10-13 00:00:00"	"2021-10-13 00:00:00"	0	
632	パネル説明　イベント177弾		"2021-10-13 00:00:00"	"2021-10-13 00:00:00"	0	
633	アイテム説明　イベント177弾		"2021-10-13 00:00:00"	"2021-10-13 00:00:00"	0	
634	パネル説明　イベント178弾		"2021-10-13 00:00:00"	"2021-10-13 00:00:00"	0	
635	アイテム説明　イベント178弾		"2021-10-13 00:00:00"	"2021-10-13 00:00:00"	0	
636	復刻共通化のアチーブメント画像		"2021-10-13 00:00:00"	"2021-10-13 00:00:00"	0	
637	復刻・再復刻～刻の輝石について～		"2021-12-01 00:00:00"	"2021-12-01 00:00:00"	0	
638	★6キャラ5人プレゼント		"2021-12-10 00:00:00"	"2021-12-10 00:00:00"	0	
639	パネル説明　イベント179弾		"2021-10-13 00:00:00"	"2021-10-13 00:00:00"	0	
640	パネル説明　イベント180弾		"2021-10-13 00:00:00"	"2021-10-13 00:00:00"	0	
641	アイテム説明　イベント180弾		"2021-10-13 00:00:00"	"2021-10-13 00:00:00"	0	
642	パネル説明　イベント181弾		"2021-10-13 00:00:00"	"2021-10-13 00:00:00"	0	
643	"2022年人気投票 導入用スクリプト"		"2022-01-18 00:00:00"	"2022-01-18 00:00:00"	0	
644	パネル説明　イベント183弾		"2022-02-02 00:00:00"	"2022-02-02 00:00:00"	0	
646	パネル説明　イベント184弾		"2021-10-13 00:00:00"	"2021-10-13 00:00:00"	0	
647	アイテム説明　イベント184弾		"2021-10-13 00:00:00"	"2021-10-13 00:00:00"	0	
648	パネル説明　イベント185弾		"2021-10-13 00:00:00"	"2021-10-13 00:00:00"	0	
649	パネル説明　イベント186弾		"2021-10-13 00:00:00"	"2021-10-13 00:00:00"	0	
650	エイプリルフール2022　動画		"2022-03-23 00:00:00"	"2022-03-23 00:00:00"	0	
651	パネル説明　イベント187弾		"2021-10-13 00:00:00"	"2021-10-13 00:00:00"	0	
652	パネル説明　イベント188弾		"2021-10-13 00:00:00"	"2021-10-13 00:00:00"	0	
653	アイテム説明　イベント188弾		"2021-10-13 00:00:00"	"2021-10-13 00:00:00"	0	
