1	1			360004	1	0	0	0	0			0
2	2			360000	1	0	0	0	0			0
3	3			360001	1	0	0	0	0			0
4	4			360003	1	0	0	0	0			0
5	5			360002	1	0	0	0	0			0
6	6			360005	1	0	0	0	0			0
7	7			360006	1	0	0	0	0			0
8	8			360007	1	0	0	0	0			0
9	9			360008	1	0	0	0	0			0
10	10			360009	1	0	0	0	0			0
11	11			360010	1	0	0	0	0			0
12	12			360011	1	0	0	0	0			0
13	13			360012	1	0	0	0	0			0
14	14			360013	1	0	0	0	0			0
15	15			360014	1	0	0	0	0			0
16	16			360015	1	0	0	0	0			0
17	17			360016	1	0	0	0	0			0
18	18			360017	1	0	0	0	0			0
19	19			360018	1	0	0	0	0			0
20	20			360019	1	0	0	0	0			0
21	21			360020	1	0	0	0	0			0
22	22			360021	1	0	0	0	0			0
23	23			360022	1	0	0	0	0			0
24	24			360023	1	0	0	0	0			0
25	25			360024	1	0	0	0	0			0
26	26			360025	1	0	0	0	0			0
27	27			360026	1	0	0	0	0			0
28	28			360027	1	0	0	0	0			0
29	29			360028	1	0	0	0	0			0
30	30			360029	1	0	0	0	0			0
31	31			360030	1	0	0	0	0			0
32	32			360031	1	0	0	0	0			0
33	33			360032	1	0	0	0	0			0
34	34			360033	1	0	0	0	0			0
35	35			360034	1	0	0	0	0			0
36	36			360035	1	0	0	0	0			0
37	37			360036	1	0	0	0	0			0
38	38			360037	1	0	0	0	0			0
39	39			360038	1	0	0	0	0			0
40	40			360039	1	0	0	0	0			0
41	41			360040	1	0	0	0	0			0
42	42			360041	1	0	0	0	0			0
43	43			360042	1	0	0	0	0			0
44	44			360043	1	0	0	0	0			0
45	45			360044	1	0	0	0	0			0
46	46			360045	1	0	0	0	0			0
47	47			360046	1	0	0	0	0			0
48	48			360047	1	0	0	0	0			0
49	49			360048	1	0	0	0	0			0
50	50			360049	1	0	0	0	0			0
51	51			360050	1	0	0	0	0			0
52	52			360051	1	0	0	0	0			0
53	53			360052	1	0	0	0	0			0
54	54			360053	1	0	0	0	0			0
55	55			360054	1	0	0	0	0			0
56	56			360055	1	0	0	0	0			0
57	57			360056	1	0	0	0	0			0
58	58			360057	1	0	0	0	0			0
59	59			360058	1	0	0	0	0			0
60	60			360059	1	0	0	0	0			0
61	61			360060	1	0	0	0	0			0
62	62			360061	1	0	0	0	0			0
63	63			360062	1	0	0	0	0			0
64	64			360063	1	0	0	0	0			0
65	65			360064	1	0	0	0	0			0
66	66			360065	1	0	0	0	0			0
67	67			360066	1	0	0	0	0			0
68	68			360067	1	0	0	0	0			0
69	69			360068	1	0	0	0	0			0
70	70			360069	1	0	0	0	0			0
71	71			360070	1	0	0	0	0			0
72	72			360071	1	0	0	0	0			0
73	73			360072	1	0	0	0	0			0
74	74			360073	1	0	0	0	0			0
75	75			360074	1	0	0	0	0			0
76	76			360075	1	0	0	0	0			0
77	77			360076	1	0	0	0	0			0
78	78			360077	1	0	0	0	0			0
79	79			360078	1	0	0	0	0			0
80	80			360079	1	0	0	0	0			0
81	81			360080	1	0	0	0	0			0
82	82			360081	1	0	0	0	0			0
83	83			360082	1	0	0	0	0			0
84	84			360083	1	0	0	0	0			0
85	85			360084	1	0	0	0	0			0
86	86			360085	1	0	0	0	0			0
87	87			360086	1	0	0	0	0			0
88	88			360087	1	0	0	0	0			0
89	89			360088	1	0	0	0	0			0
90	90			360089	1	0	0	0	0			0
91	91			360090	1	0	0	0	0			0
92	92			360091	1	0	0	0	0			0
93	93			360092	1	0	0	0	0			0
94	94			360093	1	0	0	0	0			0
95	95			360094	1	0	0	0	0			0
96	96			360095	1	0	0	0	0			0
97	97			360096	1	0	0	0	0			0
98	98			360097	1	0	0	0	0			0
99	99			360098	1	0	0	0	0			0
100	100			360099	1	0	0	0	0			0
101	101			360100	1	0	0	0	0			0
102	102			360101	1	0	0	0	0			0
103	103			360102	1	0	0	0	0			0
104	104			360103	1	0	0	0	0			0
105	105			360104	1	0	0	0	0			0
106	106			360105	1	0	0	0	0			0
107	107			360106	1	0	0	0	0			0
108	108			360107	1	0	0	0	0			0
109	109			360108	1	0	0	0	0			0
110	110			360109	1	0	0	0	0			0
111	111			360110	1	0	0	0	0			0
112	112			360111	1	0	0	0	0			0
113	113			360112	1	0	0	0	0			0
114	114			360113	1	0	0	0	0			0
115	115			360114	1	0	0	0	0			0
116	116			360115	1	0	0	0	0			0
117	117			360116	1	0	0	0	0			0
118	118			360117	1	0	0	0	0			0
119	119			360118	1	0	0	0	0			0
120	120			360119	1	0	0	0	0			0
121	121			360120	1	0	0	0	0			0
122	122			360121	1	0	0	0	0			0
123	123			360122	1	0	0	0	0			0
124	124			360123	1	0	0	0	0			0
125	125			360124	1	0	0	0	0			0
126	126			360125	1	0	0	0	0			0
127	127			360126	1	0	0	0	0			0
128	128			360127	1	0	0	0	0			0
129	129			360128	1	0	0	0	0			0
130	130			360129	1	0	0	0	0			0
131	131			360130	1	0	0	0	0			0
132	132			360131	1	0	0	0	0			0
133	133			360132	1	0	0	0	0			0
134	134			360133	1	0	0	0	0			0
135	135			360134	1	0	0	0	0			0
136	136			360135	1	0	0	0	0			0
137	137			360136	1	0	0	0	0			0
138	138			360137	1	0	0	0	0			0
139	139			360138	1	0	0	0	0			0
140	140			360139	1	0	0	0	0			0
141	141			360140	1	0	0	0	0			0
142	142			360141	1	0	0	0	0			0
143	143			360142	1	0	0	0	0			0
144	144			360143	1	0	0	0	0			0
145	145			360144	1	0	0	0	0			0
146	146			360145	1	0	0	0	0			0
147	147			360146	1	0	0	0	0			0
148	148			360147	1	0	0	0	0			0
149	149			360148	1	0	0	0	0			0
150	150			360149	1	0	0	0	0			0
151	151			360150	1	0	0	0	0			0
152	152			360151	1	0	0	0	0			0
153	153			360152	1	0	0	0	0			0
154	154			360153	1	0	0	0	0			0
155	155			360154	1	0	0	0	0			0
156	156			360155	1	0	0	0	0			0
157	157			360156	1	0	0	0	0			0
158	158			360157	1	0	0	0	0			0
159	159			360158	1	0	0	0	0			0
160	160			360159	1	0	0	0	0			0
161	161			360160	1	0	0	0	0			0
162	162			360161	1	0	0	0	0			0
163	163			360162	1	0	0	0	0			0
164	164			360163	1	0	0	0	0			0
165	165			360164	1	0	0	0	0			0
166	166			360165	1	0	0	0	0			0
167	167			360166	1	0	0	0	0			0
168	168			360167	1	0	0	0	0			0
169	169			360168	1	0	0	0	0			0
170	170			360169	1	0	0	0	0			0
171	171			360170	1	0	0	0	0			0
172	172			360171	1	0	0	0	0			0
173	173			360172	1	0	0	0	0			0
174	174			360173	1	0	0	0	0			0
175	175			360174	1	0	0	0	0			0
176	176			360175	1	0	0	0	0			0
177	177			360176	1	0	0	0	0			0
178	178			360177	1	0	0	0	0			0
179	179			360178	1	0	0	0	0			0
180	180			360179	1	0	0	0	0			0
181	181			360180	1	0	0	0	0			0
182	182			360181	1	0	0	0	0			0
183	183			360182	1	0	0	0	0			0
184	184			360183	1	0	0	0	0			0
185	185			360184	1	0	0	0	0			0
186	186			360185	1	0	0	0	0			0
187	187			360186	1	0	0	0	0			0
188	188			360187	1	0	0	0	0			0
189	189			360188	1	0	0	0	0			0
190	190			360189	1	0	0	0	0			0
191	191			360190	1	0	0	0	0			0
192	192			360191	1	0	0	0	0			0
193	193			360192	1	0	0	0	0			0
194	194			360193	1	0	0	0	0			0
195	195			360194	1	0	0	0	0			0
196	196			360195	1	0	0	0	0			0
197	197			360196	1	0	0	0	0			0
198	198			2	200	0	0	0	0			0
199	199			2	200	0	0	0	0			0
200	200			2	200	0	0	0	0			0
201	201			2	200	0	0	0	0			0
202	202			360197	1	0	0	0	0			0
203	203			360198	1	0	0	0	0			0
204	204			360199	1	0	0	0	0			0
205	205			360200	1	0	0	0	0			0
206	206			360201	1	0	0	0	0			0
207	207			360202	1	0	0	0	0			0
208	208			360203	1	0	0	0	0			0
209	209			360204	1	0	0	0	0			0
210	210			360205	1	0	0	0	0			0
211	211			360206	1	0	0	0	0			0
212	212			360207	1	0	0	0	0			0
213	213			360208	1	0	0	0	0			0
214	214			2	200	0	0	0	0			0
215	215			2	200	0	0	0	0			0
216	216			2	200	0	0	0	0			0
217	217			2	200	0	0	0	0			0
218	218			360209	1	0	0	0	0			0
219	219			360210	1	0	0	0	0			0
220	220			360211	1	0	0	0	0			0
221	221			360212	1	0	0	0	0			0
222	222			2	200	0	0	0	0			0
223	223			2	200	0	0	0	0			0
224	224			2	200	0	0	0	0			0
225	225			2	200	0	0	0	0			0
226	226			360213	1	0	0	0	0			0
227	227			360214	1	0	0	0	0			0
228	228			360215	1	0	0	0	0			0
229	229			360216	1	0	0	0	0			0
230	230			360218	1	0	0	0	0			0
231	231			360219	1	0	0	0	0			0
232	232			360220	1	0	0	0	0			0
233	233			360217	1	0	0	0	0			0
234	234			2	200	0	0	0	0			0
235	235			2	200	0	0	0	0			0
236	236			2	200	0	0	0	0			0
237	237			2	200	0	0	0	0			0
238	238			360221	1	0	0	0	0			0
239	239			360222	1	0	0	0	0			0
240	240			360223	1	0	0	0	0			0
241	241			360224	1	0	0	0	0			0
242	242			360225	1	0	0	0	0			0
243	243			360226	1	0	0	0	0			0
244	244			360227	1	0	0	0	0			0
245	245			360228	1	0	0	0	0			0
246	246			360229	1	0	0	0	0			0
247	247			360230	1	0	0	0	0			0
248	248			360231	1	0	0	0	0			0
249	249			2	200	0	0	0	0			0
250	250			2	200	0	0	0	0			0
251	251			2	200	0	0	0	0			0
252	252			2	200	0	0	0	0			0
253	253			360232	1	0	0	0	0			0
254	254			360233	1	0	0	0	0			0
255	255			360234	1	0	0	0	0			0
256	256			360235	1	0	0	0	0			0
257	257			360236	1	0	0	0	0			0
258	258			360237	1	0	0	0	0			0
259	259			360238	1	0	0	0	0			0
260	260			2	200	0	0	0	0			0
261	261			2	200	0	0	0	0			0
262	262			2	200	0	0	0	0			0
263	263			2	200	0	0	0	0			0
264	264			360239	1	0	0	0	0			0
265	265			360240	1	0	0	0	0			0
266	266			360241	1	0	0	0	0			0
267	267			360242	1	0	0	0	0			0
268	268			2	200	0	0	0	0			0
269	269			2	200	0	0	0	0			0
270	270			2	200	0	0	0	0			0
271	271			2	200	0	0	0	0			0
272	272			360243	1	0	0	0	0			0
273	273			360244	1	0	0	0	0			0
274	274			360245	1	0	0	0	0			0
275	275			360246	1	0	0	0	0			0
276	276			360247	1	0	0	0	0			0
277	277			2	200	0	0	0	0			0
278	278			2	200	0	0	0	0			0
279	279			2	200	0	0	0	0			0
280	280			2	200	0	0	0	0			0
281	281			360248	1	0	0	0	0			0
282	282			360249	1	0	0	0	0			0
283	283			360250	1	0	0	0	0			0
284	284			360251	1	0	0	0	0			0
285	285			2	200	0	0	0	0			0
286	286			2	200	0	0	0	0			0
287	287			2	200	0	0	0	0			0
288	288			2	200	0	0	0	0			0
289	289			360252	1	0	0	0	0			0
290	290			360253	1	0	0	0	0			0
291	291			360254	1	0	0	0	0			0
292	292			360255	1	0	0	0	0			0
293	293			360256	1	0	0	0	0			0
294	294			2	200	0	0	0	0			0
295	295			2	200	0	0	0	0			0
296	296			2	200	0	0	0	0			0
297	297			2	200	0	0	0	0			0
298	298			360257	1	0	0	0	0			0
299	299			360258	1	0	0	0	0			0
300	300			360259	1	0	0	0	0			0
301	301			360260	1	0	0	0	0			0
302	302			2	200	0	0	0	0			0
303	303			2	200	0	0	0	0			0
304	304			2	200	0	0	0	0			0
305	305			2	200	0	0	0	0			0
306	306			360261	1	0	0	0	0			0
307	307			360262	1	0	0	0	0			0
308	308			360263	1	0	0	0	0			0
309	309			360264	1	0	0	0	0			0
310	310			2	200	0	0	0	0			0
311	311			2	200	0	0	0	0			0
312	312			2	200	0	0	0	0			0
313	313			2	200	0	0	0	0			0
314	314			360265	1	0	0	0	0			0
315	315			360266	1	0	0	0	0			0
316	316			360267	1	0	0	0	0			0
317	317			360268	1	0	0	0	0			0
318	318			360269	1	0	0	0	0			0
319	319			2	200	0	0	0	0			0
320	320			2	200	0	0	0	0			0
321	321			2	200	0	0	0	0			0
322	322			2	200	0	0	0	0			0
323	323			360270	1	0	0	0	0			0
324	324			360271	1	0	0	0	0			0
325	325			360272	1	0	0	0	0			0
326	326			360273	1	0	0	0	0			0
327	327			360274	1	0	0	0	0			0
328	328			2	200	0	0	0	0			0
329	329			2	200	0	0	0	0			0
330	330			2	200	0	0	0	0			0
331	331			2	200	0	0	0	0			0
332	332			360275	1	0	0	0	0			0
333	333			360276	1	0	0	0	0			0
334	334			360277	1	0	0	0	0			0
335	335			360278	1	0	0	0	0			0
336	336			2	200	0	0	0	0			0
337	337			2	200	0	0	0	0			0
338	338			2	200	0	0	0	0			0
339	339			2	200	0	0	0	0			0
340	340			360279	1	0	0	0	0			0
341	341			360280	1	0	0	0	0			0
342	342			360281	1	0	0	0	0			0
343	343			360282	1	0	0	0	0			0
344	344			2	200	0	0	0	0			0
345	345			2	200	0	0	0	0			0
346	346			2	200	0	0	0	0			0
347	347			2	200	0	0	0	0			0
348	348			360283	1	0	0	0	0			0
349	349			360284	1	0	0	0	0			0
350	350			360285	1	0	0	0	0			0
351	351			360286	1	0	0	0	0			0
352	352			360287	1	0	0	0	0			0
353	353			2	200	0	0	0	0			0
354	354			2	200	0	0	0	0			0
355	355			2	200	0	0	0	0			0
356	356			2	200	0	0	0	0			0
357	357			360288	1	0	0	0	0			0
358	358			360289	1	0	0	0	0			0
359	359			360290	1	0	0	0	0			0
360	360			360291	1	0	0	0	0			0
361	361			2	200	0	0	0	0			0
362	362			2	200	0	0	0	0			0
363	363			2	200	0	0	0	0			0
364	364			2	200	0	0	0	0			0
365	365			360292	1	0	0	0	0			0
366	366			360293	1	0	0	0	0			0
367	367			360294	1	0	0	0	0			0
368	368			360295	1	0	0	0	0			0
369	369			360296	1	0	0	0	0			0
370	370			360297	1	0	0	0	0			0
371	371			2	200	0	0	0	0			0
372	372			2	200	0	0	0	0			0
373	373			2	200	0	0	0	0			0
374	374			2	200	0	0	0	0			0
375	375			360298	1	0	0	0	0			0
376	376			360299	1	0	0	0	0			0
377	377			360300	1	0	0	0	0			0
378	378			360301	1	0	0	0	0			0
379	379			360302	1	0	0	0	0			0
380	380			2	200	0	0	0	0			0
381	381			2	200	0	0	0	0			0
382	382			2	200	0	0	0	0			0
383	383			2	200	0	0	0	0			0
384	384			360303	1	0	0	0	0			0
385	385			360304	1	0	0	0	0			0
386	386			360305	1	0	0	0	0			0
387	387			360306	1	0	0	0	0			0
388	388			360307	1	0	0	0	0			0
389	389			2	200	0	0	0	0			0
390	390			2	200	0	0	0	0			0
391	391			2	200	0	0	0	0			0
392	392			2	200	0	0	0	0			0
393	393			360308	1	0	0	0	0			0
394	394			360309	1	0	0	0	0			0
395	395			360310	1	0	0	0	0			0
396	396			360311	1	0	0	0	0			0
397	397			360312	1	0	0	0	0			0
398	398			360313	1	0	0	0	0			0
399	399			2	200	0	0	0	0			0
400	400			2	200	0	0	0	0			0
401	401			2	200	0	0	0	0			0
402	402			2	200	0	0	0	0			0
403	403			360313	1	0	0	0	0			0
404	404			360314	1	0	0	0	0			0
405	405			360314	1	0	0	0	0			0
406	406			360315	1	0	0	0	0			0
407	407			360316	1	0	0	0	0			0
408	408			360317	1	0	0	0	0			0
409	409			360318	1	0	0	0	0			0
410	410			360319	1	0	0	0	0			0
411	411			360320	1	0	0	0	0			0
412	412			360321	1	0	0	0	0			0
413	413			360321	1	0	0	0	0			0
414	414			360322	1	0	0	0	0			0
415	415			360322	1	0	0	0	0			0
416	416			360323	1	0	0	0	0			0
417	417			360324	1	0	0	0	0			0
418	418			360325	1	0	0	0	0			0
419	419			360326	1	0	0	0	0			0
420	420			360327	1	0	0	0	0			0
421	421			360328	1	0	0	0	0			0
422	422			360329	1	0	0	0	0			0
423	423			2	200	0	0	0	0			0
424	424			2	200	0	0	0	0			0
425	425			2	200	0	0	0	0			0
426	426			2	200	0	0	0	0			0
427	427			360330	1	0	0	0	0			0
428	428			360331	1	0	0	0	0			0
429	429			360332	1	0	0	0	0			0
430	430			360333	1	0	0	0	0			0
431	431			2	200	0	0	0	0			0
432	432			2	200	0	0	0	0			0
433	433			2	200	0	0	0	0			0
434	434			2	200	0	0	0	0			0
435	435			360334	1	0	0	0	0			0
436	436			360335	1	0	0	0	0			0
437	437			360336	1	0	0	0	0			0
438	438			360337	1	0	0	0	0			0
439	439			360338	1	0	0	0	0			0
440	440			2	200	0	0	0	0			0
441	441			2	200	0	0	0	0			0
442	442			2	200	0	0	0	0			0
443	443			2	200	0	0	0	0			0
444	444			360339	1	0	0	0	0			0
445	445			360340	1	0	0	0	0			0
446	446			360341	1	0	0	0	0			0
447	447			360342	1	0	0	0	0			0
448	448			2	200	0	0	0	0			0
449	449			2	200	0	0	0	0			0
450	450			2	200	0	0	0	0			0
451	451			2	200	0	0	0	0			0
452	452			360343	1	0	0	0	0			0
453	453			360344	1	0	0	0	0			0
454	454			360345	1	0	0	0	0			0
455	455			360346	1	0	0	0	0			0
456	456			360347	1	0	0	0	0			0
457	457			2	200	0	0	0	0			0
458	458			2	200	0	0	0	0			0
459	459			2	200	0	0	0	0			0
460	460			2	200	0	0	0	0			0
461	461			360348	1	0	0	0	0			0
462	462			360349	1	0	0	0	0			0
463	463			360350	1	0	0	0	0			0
464	464			360351	1	0	0	0	0			0
465	465			2	200	0	0	0	0			0
466	466			2	200	0	0	0	0			0
467	467			2	200	0	0	0	0			0
468	468			2	200	0	0	0	0			0
469	469			360352	1	0	0	0	0			0
470	470			360353	1	0	0	0	0			0
471	471			360354	1	0	0	0	0			0
472	472			360355	1	0	0	0	0			0
473	473			2	200	0	0	0	0			0
474	474			2	200	0	0	0	0			0
475	475			2	200	0	0	0	0			0
476	476			2	200	0	0	0	0			0
477	477			2	100	0	0	0	0			0
478	478			2	100	0	0	0	0			0
479	479			360356	1	0	0	0	0			0
480	480			360357	1	0	0	0	0			0
481	481			360358	1	0	0	0	0			0
482	482			360359	1	0	0	0	0			0
483	483			360360	1	0	0	0	0			0
484	484			2	200	0	0	0	0			0
485	485			2	200	0	0	0	0			0
486	486			2	200	0	0	0	0			0
487	487			2	200	0	0	0	0			0
488	488			360361	1	0	0	0	0			0
489	489			360362	1	0	0	0	0			0
490	490			360363	1	0	0	0	0			0
491	491			360364	1	0	0	0	0			0
492	492			2	200	0	0	0	0			0
493	493			2	200	0	0	0	0			0
494	494			2	200	0	0	0	0			0
495	495			2	200	0	0	0	0			0
496	496			2	200	0	0	0	0			0
497	497			360365	1	0	0	0	0			0
498	498			360366	1	0	0	0	0			0
499	499			360367	1	0	0	0	0			0
500	500			360368	1	0	0	0	0			0
501	501			360314	1	0	0	0	0			0
502	502			360315	1	0	0	0	0			0
503	503			360313	1	0	0	0	0			0
504	504			2	100	0	0	0	0			0
505	505			2	200	0	0	0	0			0
506	506			2	200	0	0	0	0			0
507	507			2	200	0	0	0	0			0
508	508			2	200	0	0	0	0			0
509	509			360316	1	0	0	0	0			0
510	510			360317	1	0	0	0	0			0
511	511			360318	1	0	0	0	0			0
512	512			360369	1	0	0	0	0			0
513	513			360370	1	0	0	0	0			0
514	514			360371	1	0	0	0	0			0
515	515			360372	1	0	0	0	0			0
516	516			360373	1	0	0	0	0			0
517	517			2	200	0	0	0	0			0
518	518			2	200	0	0	0	0			0
519	519			2	200	0	0	0	0			0
520	520			2	200	0	0	0	0			0
521	521			360374	1	0	0	0	0			0
522	522			360375	1	0	0	0	0			0
523	523			360376	1	0	0	0	0			0
524	524			360377	1	0	0	0	0			0
525	525			2	200	0	0	0	0			0
526	526			2	200	0	0	0	0			0
527	527			2	200	0	0	0	0			0
528	528			2	200	0	0	0	0			0
529	529			360378	1	0	0	0	0			0
530	530			360379	1	0	0	0	0			0
531	531			360380	1	0	0	0	0			0
532	532			360381	1	0	0	0	0			0
533	533			360382	1	0	0	0	0			0
534	534			360383	1	0	0	0	0			0
535	535			360384	1	0	0	0	0			0
536	536			2	200	0	0	0	0			0
537	537			2	200	0	0	0	0			0
538	538			2	200	0	0	0	0			0
539	539			2	200	0	0	0	0			0
540	540			360385	1	0	0	0	0			0
541	541			360386	1	0	0	0	0			0
542	542			360387	1	0	0	0	0			0
543	543			360388	1	0	0	0	0			0
544	544			360389	1	0	0	0	0			0
545	545			2	200	0	0	0	0			0
546	546			2	200	0	0	0	0			0
547	547			2	200	0	0	0	0			0
548	548			2	200	0	0	0	0			0
549	549			360390	1	0	0	0	0			0
550	550			360391	1	0	0	0	0			0
551	551			360392	1	0	0	0	0			0
552	552			360393	1	0	0	0	0			0
553	553			360394	1	0	0	0	0			0
554	554			360395	1	0	0	0	0			0
555	555			2	200	0	0	0	0			0
556	556			2	200	0	0	0	0			0
557	557			2	200	0	0	0	0			0
558	558			2	200	0	0	0	0			0
559	559			360396	1	0	0	0	0			0
560	560			360397	1	0	0	0	0			0
561	561			360398	1	0	0	0	0			0
562	562			360399	1	0	0	0	0			0
563	563			2	200	0	0	0	0			0
564	564			2	200	0	0	0	0			0
565	565			2	200	0	0	0	0			0
566	566			2	200	0	0	0	0			0
567	567			360400	1	0	0	0	0			0
568	568			360401	1	0	0	0	0			0
569	569			360402	1	0	0	0	0			0
570	570			360403	1	0	0	0	0			0
571	571			360404	1	0	0	0	0			0
572	572			2	200	0	0	0	0			0
573	573			2	200	0	0	0	0			0
574	574			2	200	0	0	0	0			0
575	575			2	200	0	0	0	0			0
576	576			360405	1	0	0	0	0			0
577	577			360406	1	0	0	0	0			0
578	578			360407	1	0	0	0	0			0
579	579			360408	1	0	0	0	0			0
580	580			360409	1	0	0	0	0			0
581	581			2	200	0	0	0	0			0
582	582			2	200	0	0	0	0			0
583	583			2	200	0	0	0	0			0
584	584			2	200	0	0	0	0			0
585	585			360410	1	0	0	0	0			0
586	586			360411	1	0	0	0	0			0
587	587			360412	1	0	0	0	0			0
588	588			360413	1	0	0	0	0			0
589	589			2	200	0	0	0	0			0
590	590			2	200	0	0	0	0			0
591	591			2	200	0	0	0	0			0
592	592			2	200	0	0	0	0			0
593	593			360414	1	0	0	0	0			0
594	594			360415	1	0	0	0	0			0
595	595			360416	1	0	0	0	0			0
596	596			360417	1	0	0	0	0			0
597	597			2	200	0	0	0	0			0
598	598			2	200	0	0	0	0			0
599	599			2	200	0	0	0	0			0
600	600			2	200	0	0	0	0			0
601	601			360418	1	0	0	0	0			0
602	602			360419	1	0	0	0	0			0
603	603			360420	1	0	0	0	0			0
604	604			360421	1	0	0	0	0			0
605	605			360422	1	0	0	0	0			0
606	606			2	200	0	0	0	0			0
607	607			2	200	0	0	0	0			0
608	608			2	200	0	0	0	0			0
609	609			2	200	0	0	0	0			0
610	610			360423	1	0	0	0	0			0
611	611			360424	1	0	0	0	0			0
612	612			360425	1	0	0	0	0			0
613	613			360426	1	0	0	0	0			0
614	614			2	200	0	0	0	0			0
615	615			2	200	0	0	0	0			0
616	616			2	200	0	0	0	0			0
617	617			2	200	0	0	0	0			0
618	618			360427	1	0	0	0	0			0
619	619			360428	1	0	0	0	0			0
620	620			360429	1	0	0	0	0			0
621	621			360430	1	0	0	0	0			0
622	622			2	200	0	0	0	0			0
623	623			2	200	0	0	0	0			0
624	624			2	200	0	0	0	0			0
625	625			2	200	0	0	0	0			0
626	626			360431	1	0	0	0	0			0
627	627			360432	1	0	0	0	0			0
628	628			360433	1	0	0	0	0			0
629	629			360434	1	0	0	0	0			0
630	630			2	200	0	0	0	0			0
631	631			2	200	0	0	0	0			0
632	632			2	200	0	0	0	0			0
633	633			2	200	0	0	0	0			0
634	634			360435	1	0	0	0	0			0
635	635			360436	1	0	0	0	0			0
636	636			360437	1	0	0	0	0			0
637	637			360438	1	0	0	0	0			0
638	638			2	200	0	0	0	0			0
639	639			2	200	0	0	0	0			0
640	640			2	200	0	0	0	0			0
641	641			2	200	0	0	0	0			0
642	642			360439	1	0	0	0	0			0
643	643			360440	1	0	0	0	0			0
644	644			360441	1	0	0	0	0			0
645	645			360442	1	0	0	0	0			0
646	646			2	200	0	0	0	0			0
647	647			2	200	0	0	0	0			0
648	648			2	200	0	0	0	0			0
649	649			2	200	0	0	0	0			0
650	650			360443	1	0	0	0	0			0
651	651			360444	1	0	0	0	0			0
652	652			360445	1	0	0	0	0			0
653	653			360446	1	0	0	0	0			0
654	654			2	200	0	0	0	0			0
655	655			2	200	0	0	0	0			0
656	656			2	200	0	0	0	0			0
657	657			2	200	0	0	0	0			0
658	658			360447	1	0	0	0	0			0
659	659			360448	1	0	0	0	0			0
660	660			360449	1	0	0	0	0			0
661	661			360450	1	0	0	0	0			0
662	662			2	200	0	0	0	0			0
663	663			2	200	0	0	0	0			0
664	664			2	200	0	0	0	0			0
665	665			2	200	0	0	0	0			0
666	666			360451	1	0	0	0	0			0
667	667			360452	1	0	0	0	0			0
668	668			360453	1	0	0	0	0			0
669	669			360454	1	0	0	0	0			0
670	670			360455	1	0	0	0	0			0
671	671			2	200	0	0	0	0			0
672	672			2	200	0	0	0	0			0
673	673			2	200	0	0	0	0			0
674	674			2	200	0	0	0	0			0
675	675			360456	1	0	0	0	0			0
676	676			360457	1	0	0	0	0			0
677	677			360458	1	0	0	0	0			0
678	678			360459	1	0	0	0	0			0
679	679			360460	1	0	0	0	0			0
680	680			360461	1	0	0	0	0			0
681	681			360461	1	0	0	0	0			0
682	682			360461	1	0	0	0	0			0
683	683			360462	1	0	0	0	0			0
684	684			360463	1	0	0	0	0			0
685	685			360463	1	0	0	0	0			0
686	686			360464	1	0	0	0	0			0
687	687			360464	1	0	0	0	0			0
688	688			360465	1	0	0	0	0			0
689	689			360466	1	0	0	0	0			0
690	690			360466	1	0	0	0	0			0
691	691			360467	1	0	0	0	0			0
692	692			360467	1	0	0	0	0			0
693	693			360468	1	0	0	0	0			0
694	694			360469	1	0	0	0	0			0
695	695			360470	1	0	0	0	0			0
696	696			2	200	0	0	0	0			0
697	697			2	200	0	0	0	0			0
698	698			2	200	0	0	0	0			0
699	699			2	200	0	0	0	0			0
700	700			360471	1	0	0	0	0			0
701	701			360472	1	0	0	0	0			0
702	702			360473	1	0	0	0	0			0
703	703			360474	1	0	0	0	0			0
704	704			360475	1	0	0	0	0			0
705	705			2	200	0	0	0	0			0
706	706			2	200	0	0	0	0			0
707	707			2	200	0	0	0	0			0
708	708			2	200	0	0	0	0			0
709	709			360476	1	0	0	0	0			0
710	710			360477	1	0	0	0	0			0
711	711			360478	1	0	0	0	0			0
712	712			360479	1	0	0	0	0			0
713	713			2	200	0	0	0	0			0
714	714			2	200	0	0	0	0			0
715	715			2	200	0	0	0	0			0
716	716			2	200	0	0	0	0			0
717	717			360480	1	0	0	0	0			0
718	718			360481	1	0	0	0	0			0
719	719			360482	1	0	0	0	0			0
720	720			360483	1	0	0	0	0			0
721	721			2	200	0	0	0	0			0
722	722			2	200	0	0	0	0			0
723	723			2	200	0	0	0	0			0
724	724			2	200	0	0	0	0			0
725	725			360485	1	0	0	0	0			0
726	726			360486	1	0	0	0	0			0
727	727			360487	1	0	0	0	0			0
728	728			360488	1	0	0	0	0			0
729	729			360489	1	0	0	0	0			0
730	730			2	200	0	0	0	0			0
731	731			2	200	0	0	0	0			0
732	732			2	200	0	0	0	0			0
733	733			2	200	0	0	0	0			0
734	734			360490	1	0	0	0	0			0
735	735			360491	1	0	0	0	0			0
736	736			360492	1	0	0	0	0			0
737	737			360493	1	0	0	0	0			0
738	738			360484	1	0	0	0	0			0
739	739			2	200	0	0	0	0			0
740	740			2	200	0	0	0	0			0
741	741			2	200	0	0	0	0			0
742	742			2	200	0	0	0	0			0
743	743			360495	1	0	0	0	0			0
744	744			360494	1	0	0	0	0			0
745	745			360496	1	0	0	0	0			0
746	746			360497	1	0	0	0	0			0
747	747			2	200	0	0	0	0			0
748	748			2	200	0	0	0	0			0
749	749			2	200	0	0	0	0			0
750	750			2	200	0	0	0	0			0
751	751			360498	1	0	0	0	0			0
752	752			360499	1	0	0	0	0			0
753	753			360500	1	0	0	0	0			0
754	754			360501	1	0	0	0	0			0
755	755			2	200	0	0	0	0			0
756	756			2	200	0	0	0	0			0
757	757			2	200	0	0	0	0			0
758	758			2	200	0	0	0	0			0
759	759			360504	1	0	0	0	0			0
760	760			360503	1	0	0	0	0			0
761	761			360502	1	0	0	0	0			0
762	762			360505	1	0	0	0	0			0
763	763			2	200	0	0	0	0			0
764	764			2	200	0	0	0	0			0
765	765			2	200	0	0	0	0			0
766	766			2	200	0	0	0	0			0
767	767			360506	1	0	0	0	0			0
768	768			360507	1	0	0	0	0			0
769	769			360508	1	0	0	0	0			0
770	770			360509	1	0	0	0	0			0
771	771			2	200	0	0	0	0			0
772	772			2	200	0	0	0	0			0
773	773			2	200	0	0	0	0			0
774	774			2	200	0	0	0	0			0
775	775			360510	1	0	0	0	0			0
776	776			360511	1	0	0	0	0			0
777	777			360512	1	0	0	0	0			0
778	778			360513	1	0	0	0	0			0
779	779			360462	1	0	0	0	0			0
780	780			360314	1	0	0	0	0			0
781	781			360461	1	0	0	0	0			0
782	782			360319	1	0	0	0	0			0
783	783			360460	1	0	0	0	0			0
784	784			2	200	0	0	0	0			0
785	785			2	200	0	0	0	0			0
786	786			2	200	0	0	0	0			0
787	787			2	200	0	0	0	0			0
788	788			360514	1	0	0	0	0			0
789	789			360515	1	0	0	0	0			0
790	790			360516	1	0	0	0	0			0
791	791			360517	1	0	0	0	0			0
792	792			360518	1	0	0	0	0			0
793	793			360519	1	0	0	0	0			0
794	794			360465	1	0	0	0	0			0
795	795			360468	1	0	0	0	0			0
796	796			2	200	0	0	0	0			0
797	797			2	200	0	0	0	0			0
798	798			2	200	0	0	0	0			0
799	799			2	200	0	0	0	0			0
800	800			2	100	0	0	0	0			0
801	801			2	100	0	0	0	0			0
802	802			360520	1	0	0	0	0			0
803	803			360521	1	0	0	0	0			0
804	804			360522	1	0	0	0	0			0
805	805			360523	1	0	0	0	0			0
806	806			360524	1	0	0	0	0			0
807	807			2	200	0	0	0	0			0
808	808			2	200	0	0	0	0			0
809	809			2	200	0	0	0	0			0
810	810			2	200	0	0	0	0			0
811	811			360526	1	0	0	0	0			0
812	812			360525	1	0	0	0	0			0
813	813			360527	1	0	0	0	0			0
814	814			360528	1	0	0	0	0			0
815	815			2	200	0	0	0	0			0
816	816			2	200	0	0	0	0			0
817	817			2	200	0	0	0	0			0
818	818			2	200	0	0	0	0			0
819	819			360529	1	0	0	0	0			0
820	820			360530	1	0	0	0	0			0
821	821			360531	1	0	0	0	0			0
822	822			360532	1	0	0	0	0			0
823	823			360533	1	0	0	0	0			0
824	824			360534	1	0	0	0	0			0
825	825			360535	1	0	0	0	0			0
826	826			360536	1	0	0	0	0			0
827	827			360537	1	0	0	0	0			0
828	828			360538	1	0	0	0	0			0
829	829			2	200	0	0	0	0			0
830	830			2	200	0	0	0	0			0
831	831			2	200	0	0	0	0			0
832	832			2	200	0	0	0	0			0
833	833			360539	1	0	0	0	0			0
834	834			360540	1	0	0	0	0			0
835	835			360541	1	0	0	0	0			0
836	836			360542	1	0	0	0	0			0
837	837			2	200	0	0	0	0			0
838	838			2	200	0	0	0	0			0
839	839			2	200	0	0	0	0			0
840	840			2	200	0	0	0	0			0
841	841			360543	1	0	0	0	0			0
842	842			360544	1	0	0	0	0			0
843	843			360545	1	0	0	0	0			0
844	844			360546	1	0	0	0	0			0
845	845			2	200	0	0	0	0			0
846	846			2	200	0	0	0	0			0
847	847			2	200	0	0	0	0			0
848	848			2	200	0	0	0	0			0
849	849			360547	1	0	0	0	0			0
850	850			360548	1	0	0	0	0			0
851	851			360549	1	0	0	0	0			0
852	852			360550	1	0	0	0	0			0
853	853			2	200	0	0	0	0			0
854	854			2	200	0	0	0	0			0
855	855			2	200	0	0	0	0			0
856	856			2	200	0	0	0	0			0
857	857			368000	1	0	0	0	0			0
858	858			368001	1	0	0	0	0			0
859	859			368002	1	0	0	0	0			0
860	860			368003	1	0	0	0	0			0
861	861			360551	1	0	0	0	0			0
862	862			360552	1	0	0	0	0			0
863	863			360553	1	0	0	0	0			0
864	864			360554	1	0	0	0	0			0
865	865			2	200	0	0	0	0			0
866	866			2	200	0	0	0	0			0
867	867			2	200	0	0	0	0			0
868	868			2	200	0	0	0	0			0
869	869			360555	1	0	0	0	0			0
870	870			360556	1	0	0	0	0			0
871	871			360557	1	0	0	0	0			0
872	872			360558	1	0	0	0	0			0
873	873			2	200	0	0	0	0			0
874	874			2	200	0	0	0	0			0
875	875			2	200	0	0	0	0			0
876	876			2	200	0	0	0	0			0
877	877			360559	1	0	0	0	0			0
878	878			360560	1	0	0	0	0			0
879	879			360561	1	0	0	0	0			0
880	880			360562	1	0	0	0	0			0
881	881			2	200	0	0	0	0			0
882	882			2	200	0	0	0	0			0
883	883			2	200	0	0	0	0			0
884	884			2	200	0	0	0	0			0
885	885			360563	1	0	0	0	0			0
886	886			360564	1	0	0	0	0			0
887	887			360565	1	0	0	0	0			0
888	888			360566	1	0	0	0	0			0
889	889			2	200	0	0	0	0			0
890	890			2	200	0	0	0	0			0
891	891			2	200	0	0	0	0			0
892	892			2	200	0	0	0	0			0
893	893			360324	1	0	0	0	0			0
894	894			360567	1	0	0	0	0			0
895	895			360568	1	0	0	0	0			0
896	896			360569	1	0	0	0	0			0
897	897			360570	1	0	0	0	0			0
898	898			360571	1	0	0	0	0			0
899	899			2	200	0	0	0	0			0
900	900			2	200	0	0	0	0			0
901	901			2	200	0	0	0	0			0
902	902			2	200	0	0	0	0			0
903	903			360572	1	0	0	0	0			0
904	904			360573	1	0	0	0	0			0
905	905			360574	1	0	0	0	0			0
906	906			360575	1	0	0	0	0			0
907	907			2	200	0	0	0	0			0
908	908			2	200	0	0	0	0			0
909	909			2	200	0	0	0	0			0
910	910			2	200	0	0	0	0			0
911	911			360576	1	0	0	0	0			0
912	912			360577	1	0	0	0	0			0
913	913			360578	1	0	0	0	0			0
914	914			360579	1	0	0	0	0			0
915	915			2	200	0	0	0	0			0
916	916			2	200	0	0	0	0			0
917	917			2	200	0	0	0	0			0
918	918			2	200	0	0	0	0			0
919	919			360580	1	0	0	0	0			0
920	920			360581	1	0	0	0	0			0
921	921			360582	1	0	0	0	0			0
922	922			360583	1	0	0	0	0			0
923	923			2	200	0	0	0	0			0
924	924			2	200	0	0	0	0			0
925	925			2	200	0	0	0	0			0
926	926			2	200	0	0	0	0			0
927	927			360584	1	0	0	0	0			0
928	928			360585	1	0	0	0	0			0
929	929			360586	1	0	0	0	0			0
930	930			360587	1	0	0	0	0			0
931	931			360588	1	0	0	0	0			0
932	932			360588	1	0	0	0	0			0
933	933			360588	1	0	0	0	0			0
934	934			360588	1	0	0	0	0			0
935	935			360589	1	0	0	0	0			0
936	936			360589	1	0	0	0	0			0
937	937			360590	1	0	0	0	0			0
938	938			360590	1	0	0	0	0			0
939	939			360591	1	0	0	0	0			0
940	940			360592	1	0	0	0	0			0
941	941			360592	1	0	0	0	0			0
942	942			360593	1	0	0	0	0			0
943	943			360593	1	0	0	0	0			0
944	944			360594	1	0	0	0	0			0
945	945			360594	1	0	0	0	0			0
946	946			360595	1	0	0	0	0			0
947	947			360596	1	0	0	0	0			0
948	948			360596	1	0	0	0	0			0
949	949			360597	1	0	0	0	0			0
950	950			360597	1	0	0	0	0			0
951	951			360597	1	0	0	0	0			0
952	952			360598	1	0	0	0	0			0
953	953			2	200	0	0	0	0			0
954	954			2	200	0	0	0	0			0
955	955			2	200	0	0	0	0			0
956	956			2	200	0	0	0	0			0
957	957			360599	1	0	0	0	0			0
958	958			360600	1	0	0	0	0			0
959	959			360601	1	0	0	0	0			0
960	960			360602	1	0	0	0	0			0
961	961			2	200	0	0	0	0			0
962	962			2	200	0	0	0	0			0
963	963			2	200	0	0	0	0			0
964	964			2	200	0	0	0	0			0
965	965			360604	1	0	0	0	0			0
966	966			360603	1	0	0	0	0			0
967	967			360605	1	0	0	0	0			0
968	968			360606	1	0	0	0	0			0
969	969			2	200	0	0	0	0			0
970	970			2	200	0	0	0	0			0
971	971			2	200	0	0	0	0			0
972	972			2	200	0	0	0	0			0
973	973			360607	1	0	0	0	0			0
974	974			360608	1	0	0	0	0			0
975	975			360609	1	0	0	0	0			0
976	976			360610	1	0	0	0	0			0
977	977			360611	1	0	0	0	0			0
978	978			2	200	0	0	0	0			0
979	979			2	200	0	0	0	0			0
980	980			2	200	0	0	0	0			0
981	981			2	200	0	0	0	0			0
982	982			360612	1	0	0	0	0			0
983	983			360613	1	0	0	0	0			0
984	984			360614	1	0	0	0	0			0
985	985			360615	1	0	0	0	0			0
986	986			2	200	0	0	0	0			0
987	987			2	200	0	0	0	0			0
988	988			2	200	0	0	0	0			0
989	989			2	200	0	0	0	0			0
990	990			360616	1	0	0	0	0			0
991	991			360617	1	0	0	0	0			0
992	992			360618	1	0	0	0	0			0
993	993			360619	1	0	0	0	0			0
994	994			2	200	0	0	0	0			0
995	995			2	200	0	0	0	0			0
996	996			2	200	0	0	0	0			0
997	997			2	200	0	0	0	0			0
998	998			360620	1	0	0	0	0			0
999	999			360621	1	0	0	0	0			0
1000	1000			360622	1	0	0	0	0			0
1001	1001			360623	1	0	0	0	0			0
1002	1002			2	200	0	0	0	0			0
1003	1003			2	200	0	0	0	0			0
1004	1004			2	200	0	0	0	0			0
1005	1005			2	200	0	0	0	0			0
1006	1006			360624	1	0	0	0	0			0
1007	1007			360625	1	0	0	0	0			0
1008	1008			360626	1	0	0	0	0			0
1009	1009			360627	1	0	0	0	0			0
1010	1010			360314	1	0	0	0	0			0
1011	1011			360461	1	0	0	0	0			0
1012	1012			360588	1	0	0	0	0			0
1013	1013			360589	1	0	0	0	0			0
1014	1014			360462	1	0	0	0	0			0
1015	1015			360590	1	0	0	0	0			0
1016	1016			2	200	0	0	0	0			0
1017	1017			2	200	0	0	0	0			0
1018	1018			2	200	0	0	0	0			0
1019	1019			2	200	0	0	0	0			0
1020	1020			360628	1	0	0	0	0			0
1021	1021			360629	1	0	0	0	0			0
1022	1022			360630	1	0	0	0	0			0
1023	1023			360631	1	0	0	0	0			0
1024	1024			2	200	0	0	0	0			0
1025	1025			2	200	0	0	0	0			0
1026	1026			2	200	0	0	0	0			0
1027	1027			2	200	0	0	0	0			0
1028	1028			360632	1	0	0	0	0			0
1029	1029			360633	1	0	0	0	0			0
1030	1030			360634	1	0	0	0	0			0
1031	1031			360635	1	0	0	0	0			0
1032	1032			360636	1	0	0	0	0			0
1033	1033			360637	1	0	0	0	0			0
1034	1034			360637	1	0	0	0	0			0
1035	1035			360638	1	0	0	0	0			0
1036	1036			360638	1	0	0	0	0			0
1037	1037			360639	1	0	0	0	0			0
1038	1038			360639	1	0	0	0	0			0
1039	1039			360640	1	0	0	0	0			0
1040	1040			360640	1	0	0	0	0			0
1041	1041			360641	1	0	0	0	0			0
1042	1042			360641	1	0	0	0	0			0
1043	1043			360642	1	0	0	0	0			0
1044	1044			360643	1	0	0	0	0			0
1045	1045			360644	1	0	0	0	0			0
1046	1046			2	200	0	0	0	0			0
1047	1047			2	200	0	0	0	0			0
1048	1048			2	200	0	0	0	0			0
1049	1049			2	200	0	0	0	0			0
1050	1050			360645	1	0	0	0	0			0
1051	1051			360646	1	0	0	0	0			0
1052	1052			360647	1	0	0	0	0			0
1053	1053			360648	1	0	0	0	0			0
1054	1054			2	100	0	0	0	0			0
1055	1055			2	100	0	0	0	0			0
1056	1056			2	100	0	0	0	0			0
1057	1057			2	100	0	0	0	0			0
1058	1058			2	100	0	0	0	0			0
1059	1059			360636	1	0	0	0	0			0
1060	1060			360639	1	0	0	0	0			0
1061	1061			360642	1	0	0	0	0			0
1062	1062			360469	1	0	0	0	0			0
1063	1063			2	200	0	0	0	0			0
1064	1064			2	200	0	0	0	0			0
1065	1065			2	200	0	0	0	0			0
1066	1066			2	200	0	0	0	0			0
1067	1067			360649	1	0	0	0	0			0
1068	1068			360650	1	0	0	0	0			0
1069	1069			360651	1	0	0	0	0			0
1070	1070			360652	1	0	0	0	0			0
1071	1071			2	200	0	0	0	0			0
1072	1072			2	200	0	0	0	0			0
1073	1073			2	200	0	0	0	0			0
1074	1074			2	200	0	0	0	0			0
1075	1075			360653	1	0	0	0	0			0
1076	1076			360654	1	0	0	0	0			0
1077	1077			360655	1	0	0	0	0			0
1078	1078			360656	1	0	0	0	0			0
1079	1079			360657	1	0	0	0	0			0
1080	1080			360658	1	0	0	0	0			0
1081	1081			360659	1	0	0	0	0			0
1082	1082			360644	1	0	0	0	0			0
1083	1083			2	200	0	0	0	0			0
1084	1084			2	200	0	0	0	0			0
1085	1085			2	200	0	0	0	0			0
1086	1086			2	200	0	0	0	0			0
1087	1087			360660	1	0	0	0	0			0
1088	1088			360661	1	0	0	0	0			0
1089	1089			360662	1	0	0	0	0			0
1090	1090			360663	1	0	0	0	0			0
1091	1091			360664	1	0	0	0	0			0
1092	1092			360320	1	0	0	0	0			0
1093	1093			360591	1	0	0	0	0			0
1094	1094			360665	1	0	0	0	0			0
1095	1095			360666	1	0	0	0	0			0
1096	1096			360667	1	0	0	0	0			0
1097	1097			360668	1	0	0	0	0			0
1098	1098			2	200	0	0	0	0			0
1099	1099			2	200	0	0	0	0			0
1100	1100			2	200	0	0	0	0			0
1101	1101			2	200	0	0	0	0			0
1102	1102			360669	1	0	0	0	0			0
1103	1103			360670	1	0	0	0	0			0
1104	1104			360671	1	0	0	0	0			0
1105	1105			360672	1	0	0	0	0			0
1106	1106			360673	1	0	0	0	0			0
1107	1107			360674	1	0	0	0	0			0
1108	1108			360675	1	0	0	0	0			0
1109	1109			360676	1	0	0	0	0			0
1110	1110			360677	1	0	0	0	0			0
1111	1111			360678	1	0	0	0	0			0
1112	1112			360679	1	0	0	0	0			0
1113	1113			360598	1	0	0	0	0			0
1114	1114			2	200	0	0	0	0			0
1115	1115			2	200	0	0	0	0			0
1116	1116			2	200	0	0	0	0			0
1117	1117			2	200	0	0	0	0			0
1118	1118			360680	1	0	0	0	0			0
1119	1119			360681	1	0	0	0	0			0
1120	1120			360682	1	0	0	0	0			0
1121	1121			360683	1	0	0	0	0			0
1122	1122			2	200	0	0	0	0			0
1123	1123			2	200	0	0	0	0			0
1124	1124			2	200	0	0	0	0			0
1125	1125			2	200	0	0	0	0			0
1126	1126			360684	1	0	0	0	0			0
1127	1127			360685	1	0	0	0	0			0
1128	1128			360686	1	0	0	0	0			0
1129	1129			360687	1	0	0	0	0			0
1130	1130			2	200	0	0	0	0			0
1131	1131			2	200	0	0	0	0			0
1132	1132			2	200	0	0	0	0			0
1133	1133			2	200	0	0	0	0			0
1134	1134			360688	1	0	0	0	0			0
1135	1135			360689	1	0	0	0	0			0
1136	1136			360690	1	0	0	0	0			0
1137	1137			360691	1	0	0	0	0			0
1138	1138			2	200	0	0	0	0			0
1139	1139			2	200	0	0	0	0			0
1140	1140			2	200	0	0	0	0			0
1141	1141			2	200	0	0	0	0			0
1142	1142			360692	1	0	0	0	0			0
1143	1143			360693	1	0	0	0	0			0
1144	1144			360694	1	0	0	0	0			0
1145	1145			2	200	0	0	0	0			0
1146	1146			2	200	0	0	0	0			0
1147	1147			2	200	0	0	0	0			0
1148	1148			2	200	0	0	0	0			0
1149	1149			360695	1	0	0	0	0			0
1150	1150			360696	1	0	0	0	0			0
1151	1151			360697	1	0	0	0	0			0
1152	1152			360698	1	0	0	0	0			0
1153	1153			360699	1	0	0	0	0			0
1154	1154			2	200	0	0	0	0			0
1155	1155			2	200	0	0	0	0			0
1156	1156			2	200	0	0	0	0			0
1157	1157			2	200	0	0	0	0			0
1158	1158			360700	1	0	0	0	0			0
1159	1159			360701	1	0	0	0	0			0
1160	1160			360702	1	0	0	0	0			0
1161	1161			360703	1	0	0	0	0			0
1162	1162			360704	1	0	0	0	0			0
1163	1163			360705	1	0	0	0	0			0
1164	1164			2	200	0	0	0	0			0
1165	1165			2	200	0	0	0	0			0
1166	1166			2	200	0	0	0	0			0
1167	1167			2	200	0	0	0	0			0
1168	1168			368004	1	0	0	0	0			0
1169	1169			368005	1	0	0	0	0			0
1170	1170			368006	1	0	0	0	0			0
1171	1171			368007	1	0	0	0	0			0
1172	1172			2	200	0	0	0	0			0
1173	1173			2	200	0	0	0	0			0
1174	1174			2	200	0	0	0	0			0
1175	1175			2	200	0	0	0	0			0
1176	1176			360706	1	0	0	0	0			0
1177	1177			360707	1	0	0	0	0			0
1178	1178			360708	1	0	0	0	0			0
1179	1179			2	200	0	0	0	0			0
1180	1180			2	200	0	0	0	0			0
1181	1181			2	200	0	0	0	0			0
1182	1182			2	200	0	0	0	0			0
1183	1183			360711	1	0	0	0	0			0
1184	1184			360710	1	0	0	0	0			0
1185	1185			360709	1	0	0	0	0			0
1186	1186			2	200	0	0	0	0			0
1187	1187			2	200	0	0	0	0			0
1188	1188			2	200	0	0	0	0			0
1189	1189			2	200	0	0	0	0			0
1190	1190			360712	1	0	0	0	0			0
1191	1191			360713	1	0	0	0	0			0
1192	1192			360714	1	0	0	0	0			0
1193	1193			2	200	0	0	0	0			0
1194	1194			2	200	0	0	0	0			0
1195	1195			2	200	0	0	0	0			0
1196	1196			2	200	0	0	0	0			0
1197	1197			360715	1	0	0	0	0			0
1198	1198			360716	1	0	0	0	0			0
1199	1199			360717	1	0	0	0	0			0
1200	1200			2	200	0	0	0	0			0
1201	1201			2	200	0	0	0	0			0
1202	1202			2	200	0	0	0	0			0
1203	1203			2	200	0	0	0	0			0
1204	1204			360718	1	0	0	0	0			0
1205	1205			360719	1	0	0	0	0			0
1206	1206			360720	1	0	0	0	0			0
1207	1207			2	200	0	0	0	0			0
1208	1208			2	200	0	0	0	0			0
1209	1209			2	200	0	0	0	0			0
1210	1210			2	200	0	0	0	0			0
1211	1211			360721	1	0	0	0	0			0
1212	1212			360722	1	0	0	0	0			0
1213	1213			360723	1	0	0	0	0			0
1214	1214			2	200	0	0	0	0			0
1215	1215			2	200	0	0	0	0			0
1216	1216			2	200	0	0	0	0			0
1217	1217			2	200	0	0	0	0			0
1218	1218			360724	1	0	0	0	0			0
1219	1219			360725	1	0	0	0	0			0
1220	1220			360726	1	0	0	0	0			0
1221	1221			2	200	0	0	0	0			0
1222	1222			2	200	0	0	0	0			0
1223	1223			2	200	0	0	0	0			0
1224	1224			2	200	0	0	0	0			0
1225	1225			360727	1	0	0	0	0			0
1226	1226			360728	1	0	0	0	0			0
1227	1227			360729	1	0	0	0	0			0
1228	1228			2	200	0	0	0	0			0
1229	1229			2	200	0	0	0	0			0
1230	1230			2	200	0	0	0	0			0
1231	1231			2	200	0	0	0	0			0
1232	1232			360730	1	0	0	0	0			0
1233	1233			360731	1	0	0	0	0			0
1234	1234			360732	1	0	0	0	0			0
1235	1235			360733	1	0	0	0	0			0
1236	1236			360733	1	0	0	0	0			0
1237	1237			360734	1	0	0	0	0			0
1238	1238			360734	1	0	0	0	0			0
1239	1239			360734	1	0	0	0	0			0
1240	1240			360735	1	0	0	0	0			0
1241	1241			360735	1	0	0	0	0			0
1242	1242			360736	1	0	0	0	0			0
1243	1243			360737	1	0	0	0	0			0
1244	1244			360737	1	0	0	0	0			0
1245	1245			360738	1	0	0	0	0			0
1246	1246			360738	1	0	0	0	0			0
1247	1247			360739	1	0	0	0	0			0
1248	1248			360739	1	0	0	0	0			0
1249	1249			360739	1	0	0	0	0			0
1250	1250			2	200	0	0	0	0			0
1251	1251			2	200	0	0	0	0			0
1252	1252			2	200	0	0	0	0			0
1253	1253			2	200	0	0	0	0			0
1254	1254			360740	1	0	0	0	0			0
1255	1255			360741	1	0	0	0	0			0
1256	1256			360742	1	0	0	0	0			0
1257	1257			2	200	0	0	0	0			0
1258	1258			2	200	0	0	0	0			0
1259	1259			2	200	0	0	0	0			0
1260	1260			2	200	0	0	0	0			0
1261	1261			360743	1	0	0	0	0			0
1262	1262			360743	1	0	0	0	0			0
1263	1263			360744	1	0	0	0	0			0
1264	1264			360744	1	0	0	0	0			0
1265	1265			360744	1	0	0	0	0			0
1266	1266			360744	1	0	0	0	0			0
1267	1267			360744	1	0	0	0	0			0
1268	1268			360744	1	0	0	0	0			0
1269	1269			360745	1	0	0	0	0			0
1270	1270			360745	1	0	0	0	0			0
1271	1271			360745	1	0	0	0	0			0
1272	1272			360745	1	0	0	0	0			0
1273	1273			360746	1	0	0	0	0			0
1274	1274			360747	1	0	0	0	0			0
1275	1275			360748	1	0	0	0	0			0
1276	1276			360749	1	0	0	0	0			0
1277	1277			360314	1	0	0	0	0			0
1278	1278			360461	1	0	0	0	0			0
1279	1279			360588	1	0	0	0	0			0
1280	1280			360462	1	0	0	0	0			0
1281	1281			360590	1	0	0	0	0			0
1282	1282			2	100	0	0	0	0			0
1283	1283			2	200	0	0	0	0			0
1284	1284			2	200	0	0	0	0			0
1285	1285			2	200	0	0	0	0			0
1286	1286			2	200	0	0	0	0			0
1287	1287			360750	1	0	0	0	0			0
1288	1288			360751	1	0	0	0	0			0
1289	1289			360752	1	0	0	0	0			0
1290	1290			2	100	0	0	0	0			0
1291	1291			2	100	0	0	0	0			0
1292	1292			2	200	0	0	0	0			0
1293	1293			2	200	0	0	0	0			0
1294	1294			2	200	0	0	0	0			0
1295	1295			2	200	0	0	0	0			0
1296	1296			360756	1	0	0	0	0			0
1297	1297			360757	1	0	0	0	0			0
1298	1298			360758	1	0	0	0	0			0
1299	1299			360759	1	0	0	0	0			0
1300	1300			360753	1	0	0	0	0			0
1301	1301			360753	1	0	0	0	0			0
1302	1302			360753	1	0	0	0	0			0
1303	1303			360754	1	0	0	0	0			0
1304	1304			360754	1	0	0	0	0			0
1305	1305			360755	1	0	0	0	0			0
1306	1306			360755	1	0	0	0	0			0
1307	1307			2	200	0	0	0	0			0
1308	1308			2	200	0	0	0	0			0
1309	1309			2	200	0	0	0	0			0
1310	1310			2	200	0	0	0	0			0
1311	1311			360760	1	0	0	0	0			0
1312	1312			360761	1	0	0	0	0			0
1313	1313			360762	1	0	0	0	0			0
1314	1314			360763	1	0	0	0	0			0
1315	1315			360764	1	0	0	0	0			0
1316	1316			360765	1	0	0	0	0			0
1317	1317			2	200	0	0	0	0			0
1318	1318			2	200	0	0	0	0			0
1319	1319			2	200	0	0	0	0			0
1320	1320			2	200	0	0	0	0			0
1321	1321			360766	1	0	0	0	0			0
1322	1322			360767	1	0	0	0	0			0
1323	1323			360768	1	0	0	0	0			0
1324	1324			360769	1	0	0	0	0			0
1325	1325			360770	1	0	0	0	0			0
1326	1326			2	200	0	0	0	0			0
1327	1327			2	200	0	0	0	0			0
1328	1328			2	200	0	0	0	0			0
1329	1329			2	200	0	0	0	0			0
1330	1330			360771	1	0	0	0	0			0
1331	1331			360772	1	0	0	0	0			0
1332	1332			360773	1	0	0	0	0			0
1333	1333			2	200	0	0	0	0			0
1334	1334			2	200	0	0	0	0			0
1335	1335			2	200	0	0	0	0			0
1336	1336			2	200	0	0	0	0			0
1337	1337			360774	1	0	0	0	0			0
1338	1338			360775	1	0	0	0	0			0
1339	1339			360776	1	0	0	0	0			0
1340	1340			2	200	0	0	0	0			0
1341	1341			2	200	0	0	0	0			0
1342	1342			2	200	0	0	0	0			0
1343	1343			2	200	0	0	0	0			0
1344	1344			2	200	0	0	0	0			0
1345	1345			2	200	0	0	0	0			0
1346	1346			2	200	0	0	0	0			0
1347	1347			2	200	0	0	0	0			0
1348	1348			360777	1	0	0	0	0			0
1349	1349			360778	1	0	0	0	0			0
1350	1350			360779	1	0	0	0	0			0
1351	1351			360325	1	0	0	0	0			0
1352	1352			360780	1	0	0	0	0			0
1353	1353			360781	1	0	0	0	0			0
1354	1354			360782	1	0	0	0	0			0
1355	1355			2	200	0	0	0	0			0
1356	1356			2	200	0	0	0	0			0
1357	1357			2	200	0	0	0	0			0
1358	1358			2	200	0	0	0	0			0
1359	1359			360783	1	0	0	0	0			0
1360	1360			360784	1	0	0	0	0			0
1361	1361			360785	1	0	0	0	0			0
1362	1362			360786	1	0	0	0	0			0
1363	1363			2	200	0	0	0	0			0
1364	1364			2	200	0	0	0	0			0
1365	1365			2	200	0	0	0	0			0
1366	1366			2	200	0	0	0	0			0
1367	1367			360787	1	0	0	0	0			0
1368	1368			360788	1	0	0	0	0			0
1369	1369			360789	1	0	0	0	0			0
1370	1370			360790	1	0	0	0	0			0
1371	1371			2	200	0	0	0	0			0
1372	1372			2	200	0	0	0	0			0
1373	1373			2	200	0	0	0	0			0
1374	1374			2	200	0	0	0	0			0
1375	1375			360791	1	0	0	0	0			0
1376	1376			360792	1	0	0	0	0			0
1377	1377			360793	1	0	0	0	0			0
1378	1378			360794	1	0	0	0	0			0
1379	1379			2	200	0	0	0	0			0
1380	1380			2	200	0	0	0	0			0
1381	1381			2	200	0	0	0	0			0
1382	1382			2	200	0	0	0	0			0
1383	1383			360795	1	0	0	0	0			0
1384	1384			360796	1	0	0	0	0			0
1385	1385			360797	1	0	0	0	0			0
1386	1386			2	200	0	0	0	0			0
1387	1387			2	200	0	0	0	0			0
1388	1388			2	200	0	0	0	0			0
1389	1389			2	200	0	0	0	0			0
1390	1390			360798	1	0	0	0	0			0
1391	1391			360799	1	0	0	0	0			0
1392	1392			360800	1	0	0	0	0			0
1393	1393			2	200	0	0	0	0			0
1394	1394			2	200	0	0	0	0			0
1395	1395			2	200	0	0	0	0			0
1396	1396			2	200	0	0	0	0			0
1397	1397			360801	1	0	0	0	0			0
1398	1398			360802	1	0	0	0	0			0
1399	1399			360804	1	0	0	0	0			0
1400	1400			360803	1	0	0	0	0			0
1401	1401			2	200	0	0	0	0			0
1402	1402			2	200	0	0	0	0			0
1403	1403			2	200	0	0	0	0			0
1404	1404			2	200	0	0	0	0			0
1405	1405			360805	1	0	0	0	0			0
1406	1406			368008	1	0	0	0	0			0
1407	1407			368009	1	0	0	0	0			0
1408	1408			368010	1	0	0	0	0			0
1409	1409			368011	1	0	0	0	0			0
1410	1410			2	200	0	0	0	0			0
1411	1411			2	200	0	0	0	0			0
1412	1412			2	200	0	0	0	0			0
1413	1413			2	200	0	0	0	0			0
1414	1414			360806	1	0	0	0	0			0
1415	1415			360807	1	0	0	0	0			0
1416	1416			2	200	0	0	0	0			0
1417	1417			2	200	0	0	0	0			0
1418	1418			2	200	0	0	0	0			0
1419	1419			2	200	0	0	0	0			0
1420	1420			360808	1	0	0	0	0			0
1421	1421			360809	1	0	0	0	0			0
1422	1422			360810	1	0	0	0	0			0
1423	1423			360812	1	0	0	0	0			0
1424	1424			2	200	0	0	0	0			0
1425	1425			2	200	0	0	0	0			0
1426	1426			2	200	0	0	0	0			0
1427	1427			2	200	0	0	0	0			0
1428	1428			360811	1	0	0	0	0			0
1429	1429			360813	1	0	0	0	0			0
1430	1430			360814	1	0	0	0	0			0
1431	1431			360818	1	0	0	0	0			0
1432	1432			2	200	0	0	0	0			0
1433	1433			2	200	0	0	0	0			0
1434	1434			2	200	0	0	0	0			0
1435	1435			2	200	0	0	0	0			0
1436	1436			360815	1	0	0	0	0			0
1437	1437			360816	1	0	0	0	0			0
1438	1438			360817	1	0	0	0	0			0
1439	1439			360819	1	0	0	0	0			0
1440	1440			2	200	0	0	0	0			0
1441	1441			2	200	0	0	0	0			0
1442	1442			2	200	0	0	0	0			0
1443	1443			2	200	0	0	0	0			0
1444	1444			360820	1	0	0	0	0			0
1445	1445			360821	1	0	0	0	0			0
1446	1446			2	200	0	0	0	0			0
1447	1447			2	200	0	0	0	0			0
1448	1448			2	200	0	0	0	0			0
1449	1449			2	200	0	0	0	0			0
1450	1450			360822	1	0	0	0	0			0
1451	1451			360823	1	0	0	0	0			0
1452	1452			360824	1	0	0	0	0			0
1453	1453			2	200	0	0	0	0			0
1454	1454			2	200	0	0	0	0			0
1455	1455			2	200	0	0	0	0			0
1456	1456			2	200	0	0	0	0			0
1457	1457			360825	1	0	0	0	0			0
1458	1458			360826	1	0	0	0	0			0
1459	1459			360827	1	0	0	0	0			0
1460	1460			360839	1	0	0	0	0			0
1461	1461			360828	1	0	0	0	0			0
1462	1462			2	200	0	0	0	0			0
1463	1463			2	200	0	0	0	0			0
1464	1464			2	200	0	0	0	0			0
1465	1465			2	200	0	0	0	0			0
1466	1466			360829	1	0	0	0	0			0
1467	1467			360831	1	0	0	0	0			0
1468	1468			360830	1	0	0	0	0			0
1469	1469			2	200	0	0	0	0			0
1470	1470			2	200	0	0	0	0			0
1471	1471			2	200	0	0	0	0			0
1472	1472			2	200	0	0	0	0			0
1473	1473			360832	1	0	0	0	0			0
1474	1474			360833	1	0	0	0	0			0
1475	1475			360834	1	0	0	0	0			0
1476	1476			2	200	0	0	0	0			0
1477	1477			2	200	0	0	0	0			0
1478	1478			2	200	0	0	0	0			0
1479	1479			2	200	0	0	0	0			0
1480	1480			360835	1	0	0	0	0			0
1481	1481			360836	1	0	0	0	0			0
1482	1482			360837	1	0	0	0	0			0
1483	1483			360641	1	0	0	0	0			0
1484	1484			360838	1	0	0	0	0			0
1485	1485			2	200	0	0	0	0			0
1486	1486			2	200	0	0	0	0			0
1487	1487			2	200	0	0	0	0			0
1488	1488			2	200	0	0	0	0			0
1489	1489			360841	1	0	0	0	0			0
1490	1490			360842	1	0	0	0	0			0
1491	1491			360840	1	0	0	0	0			0
1492	1492			360843	1	0	0	0	0			0
1493	1493			360743	1	0	0	0	0			0
1494	1494			360470	1	0	0	0	0			0
1495	1495			360315	1	0	0	0	0			0
1496	1496			360463	1	0	0	0	0			0
1497	1497			360593	1	0	0	0	0			0
1498	1498			360733	1	0	0	0	0			0
1499	1499			2	100	0	0	0	0			0
1500	1500			2	100	0	0	0	0			0
1501	1501			2	100	0	0	0	0			0
1502	1502			2	100	0	0	0	0			0
1503	1503			2	200	0	0	0	0			0
1504	1504			2	200	0	0	0	0			0
1505	1505			2	200	0	0	0	0			0
1506	1506			2	200	0	0	0	0			0
1507	1507			360844	1	0	0	0	0			0
1508	1508			360845	1	0	0	0	0			0
1509	1509			360846	1	0	0	0	0			0
1510	1510			360847	1	0	0	0	0			0
1511	1511			360862	1	0	0	0	0			0
1512	1512			2	200	0	0	0	0			0
1513	1513			2	200	0	0	0	0			0
1514	1514			2	200	0	0	0	0			0
1515	1515			2	200	0	0	0	0			0
1516	1516			360467	1	0	0	0	0			0
1517	1517			360592	1	0	0	0	0			0
1518	1518			360735	1	0	0	0	0			0
1519	1519			360848	1	0	0	0	0			0
1520	1520			360849	1	0	0	0	0			0
1521	1521			360850	1	0	0	0	0			0
1522	1522			2	200	0	0	0	0			0
1523	1523			2	200	0	0	0	0			0
1524	1524			2	200	0	0	0	0			0
1525	1525			2	200	0	0	0	0			0
1526	1526			360851	1	0	0	0	0			0
1527	1527			360852	1	0	0	0	0			0
1528	1528			360853	1	0	0	0	0			0
1529	1529			360854	1	0	0	0	0			0
1530	1530			2	200	0	0	0	0			0
1531	1531			2	200	0	0	0	0			0
1532	1532			2	200	0	0	0	0			0
1533	1533			2	200	0	0	0	0			0
1534	1534			360858	1	0	0	0	0			0
1535	1535			360856	1	0	0	0	0			0
1536	1536			360857	1	0	0	0	0			0
1537	1537			360855	1	0	0	0	0			0
1538	1538			2	200	0	0	0	0			0
1539	1539			2	200	0	0	0	0			0
1540	1540			2	200	0	0	0	0			0
1541	1541			2	200	0	0	0	0			0
1542	1542			360863	1	0	0	0	0			0
1543	1543			360860	1	0	0	0	0			0
1544	1544			360859	1	0	0	0	0			0
1545	1545			360861	1	0	0	0	0			0
1546	1546			2	200	0	0	0	0			0
1547	1547			2	200	0	0	0	0			0
1548	1548			2	200	0	0	0	0			0
1549	1549			2	200	0	0	0	0			0
1550	1550			360864	1	0	0	0	0			0
1551	1551			360865	1	0	0	0	0			0
1552	1552			360866	1	0	0	0	0			0
1553	1553			2	200	0	0	0	0			0
1554	1554			2	200	0	0	0	0			0
1555	1555			2	200	0	0	0	0			0
1556	1556			2	200	0	0	0	0			0
1557	1557			360867	1	0	0	0	0			0
1558	1558			360868	1	0	0	0	0			0
1559	1559			360870	1	0	0	0	0			0
1560	1560			360869	1	0	0	0	0			0
1561	1561			369011	1	0	0	0	0			0
1562	1562			369012	1	0	0	0	0			0
1563	1563			369013	1	0	0	0	0			0
1564	1564			369014	1	0	0	0	0			0
1565	1565			2	200	0	0	0	0			0
1566	1566			2	200	0	0	0	0			0
1567	1567			2	200	0	0	0	0			0
1568	1568			2	200	0	0	0	0			0
1569	1569			2	200	0	0	0	0			0
1570	1570			2	200	0	0	0	0			0
1571	1571			2	200	0	0	0	0			0
1572	1572			2	200	0	0	0	0			0
1573	1573			360871	1	0	0	0	0			0
1574	1574			360872	1	0	0	0	0			0
1575	1575			360873	1	0	0	0	0			0
1576	1576			360874	1	0	0	0	0			0
1577	1577			2	200	0	0	0	0			0
1578	1578			2	200	0	0	0	0			0
1579	1579			2	200	0	0	0	0			0
1580	1580			2	200	0	0	0	0			0
1581	1581			360875	1	0	0	0	0			0
1582	1582			360876	1	0	0	0	0			0
1583	1583			360877	1	0	0	0	0			0
1584	1584			360878	1	0	0	0	0			0
1585	1585			360879	1	0	0	0	0			0
1586	1586			360880	1	0	0	0	0			0
1587	1587			2	200	0	0	0	0			0
1588	1588			2	200	0	0	0	0			0
1589	1589			2	200	0	0	0	0			0
1590	1590			2	200	0	0	0	0			0
1591	1591			360881	1	0	0	0	0			0
1592	1592			360882	1	0	0	0	0			0
1593	1593			360883	1	0	0	0	0			0
1594	1594			2	200	0	0	0	0			0
1595	1595			2	200	0	0	0	0			0
1596	1596			2	200	0	0	0	0			0
1597	1597			2	200	0	0	0	0			0
1598	1598			369015	1	0	0	0	0			0
1599	1599			369016	1	0	0	0	0			0
1600	1600			369017	1	0	0	0	0			0
1601	1601			2	200	0	0	0	0			0
1602	1602			2	200	0	0	0	0			0
1603	1603			2	200	0	0	0	0			0
1604	1604			2	200	0	0	0	0			0
1605	1605			360884	1	0	0	0	0			0
1606	1606			360885	1	0	0	0	0			0
1607	1607			360886	1	0	0	0	0			0
1608	1608			360887	1	0	0	0	0			0
1609	1609			360888	1	0	0	0	0			0
1610	1610			360889	1	0	0	0	0			0
1611	1611			360890	1	0	0	0	0			0
1612	1612			2	200	0	0	0	0			0
1613	1613			2	200	0	0	0	0			0
1614	1614			2	200	0	0	0	0			0
1615	1615			2	200	0	0	0	0			0
1616	1616			360891	1	0	0	0	0			0
1617	1617			360892	1	0	0	0	0			0
1618	1618			360893	1	0	0	0	0			0
1619	1619			2	200	0	0	0	0			0
1620	1620			2	200	0	0	0	0			0
1621	1621			2	200	0	0	0	0			0
1622	1622			2	200	0	0	0	0			0
1623	1623			360894	1	0	0	0	0			0
1624	1624			360895	1	0	0	0	0			0
1625	1625			360896	1	0	0	0	0			0
1626	1626			360897	1	0	0	0	0			0
1627	1627			2	200	0	0	0	0			0
1628	1628			2	200	0	0	0	0			0
1629	1629			2	200	0	0	0	0			0
1630	1630			2	200	0	0	0	0			0
1631	1631			360899	1	0	0	0	0			0
1632	1632			360900	1	0	0	0	0			0
1633	1633			360901	1	0	0	0	0			0
1634	1634			360902	1	0	0	0	0			0
1635	1635			360903	1	0	0	0	0			0
1636	1636			360898	1	0	0	0	0			0
1637	1637			2	200	0	0	0	0			0
1638	1638			2	200	0	0	0	0			0
1639	1639			2	200	0	0	0	0			0
1640	1640			2	200	0	0	0	0			0
1641	1641			360904	1	0	0	0	0			0
1642	1642			360905	1	0	0	0	0			0
1643	1643			360906	1	0	0	0	0			0
1644	1644			360907	1	0	0	0	0			0
1645	1645			360908	1	0	0	0	0			0
1646	1646			2	200	0	0	0	0			0
1647	1647			2	200	0	0	0	0			0
1648	1648			2	200	0	0	0	0			0
1649	1649			2	200	0	0	0	0			0
1650	1650			360909	1	0	0	0	0			0
1651	1651			360910	1	0	0	0	0			0
1652	1652			360911	1	0	0	0	0			0
1653	1653			360912	1	0	0	0	0			0
1654	1654			360913	1	0	0	0	0			0
1655	1655			360914	1	0	0	0	0			0
1656	1656			360915	1	0	0	0	0			0
1657	1657			2	200	0	0	0	0			0
1658	1658			2	200	0	0	0	0			0
1659	1659			2	200	0	0	0	0			0
1660	1660			2	200	0	0	0	0			0
1661	1661			360917	1	0	0	0	0			0
1662	1662			360916	1	0	0	0	0			0
1663	1663			360918	1	0	0	0	0			0
1664	1664			360919	1	0	0	0	0			0
1665	1665			2	200	0	0	0	0			0
1666	1666			2	200	0	0	0	0			0
1667	1667			2	200	0	0	0	0			0
1668	1668			2	200	0	0	0	0			0
1669	1669			360920	1	0	0	0	0			0
1670	1670			360921	1	0	0	0	0			0
1671	1671			360922	1	0	0	0	0			0
1672	1672			360923	1	0	0	0	0			0
1673	1673			2	200	0	0	0	0			0
1674	1674			2	200	0	0	0	0			0
1675	1675			2	200	0	0	0	0			0
1676	1676			360924	1	0	0	0	0			0
1677	1677			360925	1	0	0	0	0			0
1678	1678			360926	1	0	0	0	0			0
1679	1679			360927	1	0	0	0	0			0
1680	1680			2	200	0	0	0	0			0
1681	1681			2	200	0	0	0	0			0
1682	1682			2	200	0	0	0	0			0
1683	1683			2	200	0	0	0	0			0
1684	1684			360928	1	0	0	0	0			0
1685	1685			360930	1	0	0	0	0			0
1686	1686			360929	1	0	0	0	0			0
1687	1687			360931	1	0	0	0	0			0
1688	1688			360469	1	0	0	0	0			0
1689	1689			360636	1	0	0	0	0			0
1690	1690			2	200	0	0	0	0			0
1691	1691			2	200	0	0	0	0			0
1692	1692			2	200	0	0	0	0			0
1693	1693			2	200	0	0	0	0			0
1694	1694			2	200	0	0	0	0			0
1695	1695			360932	1	0	0	0	0			0
1696	1696			360933	1	0	0	0	0			0
1697	1697			360934	1	0	0	0	0			0
1698	1698			360935	1	0	0	0	0			0
1699	1699			360936	1	0	0	0	0			0
1700	1700			360937	1	0	0	0	0			0
1701	1701			360938	1	0	0	0	0			0
1702	1702			360940	1	0	0	0	0			0
1703	1703			360939	1	0	0	0	0			0
1704	1704			360941	1	0	0	0	0			0
1705	1705			360942	1	0	0	0	0			0
1706	1706			2	200	0	0	0	0			0
1707	1707			2	200	0	0	0	0			0
1708	1708			2	200	0	0	0	0			0
1709	1709			2	200	0	0	0	0			0
1710	1710			2	200	0	0	0	0			0
1711	1711			2	200	0	0	0	0			0
1712	1712			2	200	0	0	0	0			0
1713	1713			2	200	0	0	0	0			0
1714	1714			2	200	0	0	0	0			0
1715	1715			360943	1	0	0	0	0			0
1716	1716			360944	1	0	0	0	0			0
1717	1717			360945	1	0	0	0	0			0
1718	1718			360946	1	0	0	0	0			0
1719	1719			2	200	0	0	0	0			0
1720	1720			2	200	0	0	0	0			0
1721	1721			2	200	0	0	0	0			0
1722	1722			2	200	0	0	0	0			0
1723	1723			360947	1	0	0	0	0			0
1724	1724			360948	1	0	0	0	0			0
1725	1725			360949	1	0	0	0	0			0
1726	1726			360950	1	0	0	0	0			0
1727	1727			360951	1	0	0	0	0			0
1728	1728			360313	1	0	0	0	0			0
1729	1729			360739	1	0	0	0	0			0
1730	1730			360462	1	0	0	0	0			0
1731	1731			360590	1	0	0	0	0			0
1732	1732			360745	1	0	0	0	0			0
1733	1733			360314	1	0	0	0	0			0
1734	1734			360461	1	0	0	0	0			0
1735	1735			360588	1	0	0	0	0			0
1736	1736			360744	1	0	0	0	0			0
1737	1737			360640	1	0	0	0	0			0
1738	1738			360738	1	0	0	0	0			0
1739	1739			360596	1	0	0	0	0			0
1740	1740			2	100	0	0	0	0			0
1741	1741			2	100	0	0	0	0			0
1742	1742			2	200	0	0	0	0			0
1743	1743			2	200	0	0	0	0			0
1744	1744			2	200	0	0	0	0			0
1745	1745			2	200	0	0	0	0			0
1746	1746			360952	1	0	0	0	0			0
1747	1747			360953	1	0	0	0	0			0
1748	1748			360954	1	0	0	0	0			0
1749	1749			360955	1	0	0	0	0			0
1750	1750			360956	1	0	0	0	0			0
1751	1751			360957	1	0	0	0	0			0
1752	1752			2	200	0	0	0	0			0
1753	1753			2	200	0	0	0	0			0
1754	1754			2	200	0	0	0	0			0
1755	1755			2	200	0	0	0	0			0
1756	1756			360958	1	0	0	0	0			0
1757	1757			360959	1	0	0	0	0			0
1758	1758			360960	1	0	0	0	0			0
1759	1759			360961	1	0	0	0	0			0
1760	1760			360962	1	0	0	0	0			0
1761	1761			360467	1	0	0	0	0			0
1762	1762			360592	1	0	0	0	0			0
1763	1763			360735	1	0	0	0	0			0
1764	1764			360743	1	0	0	0	0			0
1765	1765			360597	1	0	0	0	0			0
1766	1766			360734	1	0	0	0	0			0
1767	1767			2	200	0	0	0	0			0
1768	1768			2	200	0	0	0	0			0
1769	1769			2	200	0	0	0	0			0
1770	1770			2	200	0	0	0	0			0
1771	1771			2	100	0	0	0	0			0
1772	1772			360963	1	0	0	0	0			0
1773	1773			360964	1	0	0	0	0			0
1774	1774			360965	1	0	0	0	0			0
1775	1775			360966	1	0	0	0	0			0
1776	1776			360967	1	0	0	0	0			0
1777	1777			360313	1	0	0	0	0			0
1778	1778			360739	1	0	0	0	0			0
1779	1779			2	100	0	0	0	0			0
1780	1780			2	200	0	0	0	0			0
1781	1781			2	200	0	0	0	0			0
1782	1782			2	200	0	0	0	0			0
1783	1783			2	200	0	0	0	0			0
1784	1784			360968	1	0	0	0	0			0
1785	1785			360969	1	0	0	0	0			0
1786	1786			360970	1	0	0	0	0			0
1787	1787			360971	1	0	0	0	0			0
1788	1788			360972	1	0	0	0	0			0
1789	1789			360318	1	0	0	0	0			0
1790	1790			360743	1	0	0	0	0			0
1791	1791			2	100	0	0	0	0			0
1792	1792			360973	1	0	0	0	0			0
1793	1793			360974	1	0	0	0	0			0
1794	1794			360975	1	0	0	0	0			0
1795	1795			360976	1	0	0	0	0			0
1796	1796			2	200	0	0	0	0			0
1797	1797			2	200	0	0	0	0			0
1798	1798			2	200	0	0	0	0			0
1799	1799			2	200	0	0	0	0			0
1800	1800			2	100	0	0	0	0			0
1801	1801			2	100	0	0	0	0			0
1802	1802			2	100	0	0	0	0			0
1803	1803			2	100	0	0	0	0			0
1804	1804			2	100	0	0	0	0			0
1805	1805			2	100	0	0	0	0			0
1806	1806			2	100	0	0	0	0			0
1807	1807			360977	1	0	0	0	0			0
1808	1808			360978	1	0	0	0	0			0
1809	1809			360979	1	0	0	0	0			0
1810	1810			360980	1	0	0	0	0			0
1811	1811			360981	1	0	0	0	0			0
1812	1812			360464	1	0	0	0	0			0
1813	1813			360594	1	0	0	0	0			0
1814	1814			2	200	0	0	0	0			0
1815	1815			2	200	0	0	0	0			0
1816	1816			2	200	0	0	0	0			0
1817	1817			2	200	0	0	0	0			0
1818	1818			360982	1	0	0	0	0			0
1819	1819			360983	1	0	0	0	0			0
1820	1820			360984	1	0	0	0	0			0
1821	1821			360985	1	0	0	0	0			0
1822	1822			360986	1	0	0	0	0			0
1823	1823			360589	1	0	0	0	0			0
1824	1824			2	200	0	0	0	0			0
1825	1825			2	200	0	0	0	0			0
1826	1826			2	200	0	0	0	0			0
1827	1827			2	200	0	0	0	0			0
1828	1828			2	200	0	0	0	0			0
1829	1829			360987	1	0	0	0	0			0
1830	1830			360988	1	0	0	0	0			0
1831	1831			360989	1	0	0	0	0			0
1832	1832			360990	1	0	0	0	0			0
1833	1833			360991	1	0	0	0	0			0
1834	1834			360639	1	0	0	0	0			0
1835	1835			2	200	0	0	0	0			0
1836	1836			2	200	0	0	0	0			0
1837	1837			2	200	0	0	0	0			0
1838	1838			2	200	0	0	0	0			0
1839	1839			2	200	0	0	0	0			0
1840	1840			360992	1	0	0	0	0			0
1841	1841			360993	1	0	0	0	0			0
1842	1842			360994	1	0	0	0	0			0
1843	1843			360995	1	0	0	0	0			0
1844	1844			360996	1	0	0	0	0			0
1845	1845			2	200	0	0	0	0			0
1846	1846			2	200	0	0	0	0			0
1847	1847			2	200	0	0	0	0			0
1848	1848			2	200	0	0	0	0			0
1849	1849			2	200	0	0	0	0			0
1850	1850			360997	1	0	0	0	0			0
1851	1851			360998	1	0	0	0	0			0
1852	1852			360999	1	0	0	0	0			0
1853	1853			361000	1	0	0	0	0			0
1854	1854			361001	1	0	0	0	0			0
1855	1855			2	200	0	0	0	0			0
1856	1856			2	200	0	0	0	0			0
1857	1857			2	200	0	0	0	0			0
1858	1858			2	200	0	0	0	0			0
1859	1859			2	200	0	0	0	0			0
1860	1860			361004	1	0	0	0	0			0
1861	1861			361003	1	0	0	0	0			0
1862	1862			361002	1	0	0	0	0			0
1863	1863			361005	1	0	0	0	0			0
1864	1864			361006	1	0	0	0	0			0
1865	1865			2	200	0	0	0	0			0
1866	1866			2	200	0	0	0	0			0
1867	1867			2	200	0	0	0	0			0
1868	1868			2	200	0	0	0	0			0
1869	1869			369018	1	0	0	0	0			0
1870	1870			369019	1	0	0	0	0			0
1871	1871			369020	1	0	0	0	0			0
1872	1872			369021	1	0	0	0	0			0
1873	1873			2	200	0	0	0	0			0
1874	1874			2	200	0	0	0	0			0
1875	1875			2	200	0	0	0	0			0
1876	1876			2	200	0	0	0	0			0
1877	1877			361007	1	0	0	0	0			0
1878	1878			361008	1	0	0	0	0			0
1879	1879			361009	1	0	0	0	0			0
1880	1880			361010	1	0	0	0	0			0
1881	1881			361011	1	0	0	0	0			0
1882	1882			361012	1	0	0	0	0			0
1883	1883			361013	1	0	0	0	0			0
1884	1884			361014	1	0	0	0	0			0
1885	1885			2	200	0	0	0	0			0
1886	1886			2	200	0	0	0	0			0
1887	1887			2	200	0	0	0	0			0
1888	1888			2	200	0	0	0	0			0
1889	1889			2	200	0	0	0	0			0
1890	1890			2	200	0	0	0	0			0
1891	1891			2	200	0	0	0	0			0
1892	1892			2	200	0	0	0	0			0
1893	1893			361015	1	0	0	0	0			0
1894	1894			361016	1	0	0	0	0			0
1895	1895			361017	1	0	0	0	0			0
1896	1896			361018	1	0	0	0	0			0
1897	1897			360319	1	0	0	0	0			0
1898	1898			360460	1	0	0	0	0			0
1899	1899			2	200	0	0	0	0			0
1900	1900			2	200	0	0	0	0			0
1901	1901			2	200	0	0	0	0			0
1902	1902			2	200	0	0	0	0			0
1903	1903			2	200	0	0	0	0			0