MasterBattleSkillID	strName	Effect	Value1	Value2	Value3	strExplanation	BootPossibility	BootCoefficient	BootMagnification	MarriageDamageBonus	0xb	0xc	Value4
1	削岩鎚	101	190	0	0		19	1	1	20			0
2	地裂波	101	190	0	0		17	1	1	20			0
10	ローグエッジ	103	150	10	0		18	1	1.3	20			0
11	スティールエッジ	103	180	10	0		20	1	1.3	20			0
101	強斬	101	180	0	0		20	1	1.3	20			0
102	剛力斬	101	180	0	0		16	1	1.3	20			0
103	パワーストライク	101	140	0	0		20	1	1.3	20			0
104	蓮華掌	101	190	0	0		20	1	1.3	20			0
105	バスタースィング	101	160	0	0		18	1	1.3	20			0
106	エイミングスタンス	101	190	0	0		18	1	1.3	20			0
107	フォースショット	101	150	0	0		16	1	1.3	20			0
108	ソニックブラスター	101	170	0	0		16	1	1.3	20			0
201	真空剣	108	110	2	0		18	1	1.3	20			0
202	斬影剣	108	120	2	0		16	1	1.3	20			0
203	白蓮剣	104	140	0	0		16	1	1.3	20			0
204	パワーヒット	108	110	2	0		14	1	1	20			0
205	グランドバスター	108	120	2	0		14	1	1	20			0
206	グランドスラム	108	140	2	0		14	1	1	20			0
207	バラージショット	108	110	2	0		16	1	1.3	20			0
208	スターダストレイン	108	120	2	0		16	1	1.3	20			0
209	ソウルスペル	108	110	2	0		20	1	1.3	20			0
210	トルネード	108	120	2	0		18	1	1.3	20			0
211	ソウルウェーブ	108	140	2	0		16	1	1.3	20			0
212	スパイラルダート	104	130	0	0		16	1	1.3	20			0
213	ボルトライトクライシス	108	110	2	0		20	1	1.3	20			0
301	ダブルランス	107	110	2	0		18	1	1.3	10			0
302	クリムゾントルネード	107	110	3	0		18	1	1.3	10			0
303	トリプルランス	107	90	3	0		18	1	1.3	10			0
401	アイシクルエッジ	108	110	2	0		18	1	1.3	20			0
402	フレイムバースト	108	120	2	0		18	1	1.3	20			0
403	サンダーボルト	108	140	2	0		18	1	1.3	20			0
404	ダンシングフレイム	108	120	2	0		18	1	1.3	20			0
405	ライトニングアロー	108	120	2	0		18	1	1.3	20			0
406	双龍飛炎車輪斬	108	120	2	0		18	1	1.3	20			0
407	赫雨刃破撃	101	190	0	0		18	1	1.3	20			0
408	槲ノ揺「白上花ノ舞」	101	180	0	0		20	1	1.3	20			0
409	きらめき☆びゅびゅーん！	108	110	2	0		18	1	1.3	20			0
410	静水剣「朝咲ノ兆」	108	120	2	0		18	1	1.3	20			0
411	ＬＯＶＥ燦ＳＵＮ・傘歌	103	180	10	0		20	1	1.3	20			0
1001	ブラッディマスカレイド	103	240	10	0		24	2	1.3	20			0
1002	二刀流・雲龍双爪	104	170	0	0		20	2	1.3	20			0
1003	ブレイブリーストライク	108	200	2	0		18	1	1.3	20			0
1004	フォーチュネイトエンド	104	180	0	0		20	2	1.3	20			0
1005	アーツオブハーモニクス	104	180	0	0		30	1	1.3	20			0
1006	華砕拳	104	190	0	0		20	2	1.3	20			0
1007	時雨の詩	104	180	0	0		18	2	1.3	20			0
1009	プリンセスハート	107	140	3	0		26	2	1.3	10			0
1010	ソレムスレイサー	101	230	0	0		15	3	1.3	20			0
1011	無垢なる滅光	104	190	0	0		20	2	1.3	20			0
1012	静寂の氷結牢	104	180	0	0		18	1	1.3	20			0
1013	暗射術・魔時狩	101	230	0	0		20	2	1.3	20			0
1014	ハートブレイクショット	103	230	10	0		31	1	1.3	20			0
1016	星剣・スピードスター	101	220	0	0		20	2	1.3	20			0
1017	青炎花の波動	110	200	60	10		26	2	1.3	20			0
1018	希望剣・善武ノ旋	103	230	10	0		27	2	1.3	20			0
1019	禁書・ワンダーミミック	103	250	10	0		26	2	1.3	20			0
1020	超自然学術・大地の牙	103	240	10	0		24	2	1.3	20			0
1021	スピニーダンス	108	180	2	0		18	1	1.2	20			0
1022	光弓・連輝弾	104	190	0	0		25	1	1.3	20			0
1023	スペイディクスパート	103	240	10	0		24	2	1.3	20			0
1024	マルチプルワーキャッツ	104	160	0	0		20	2	1.3	20			0
1025	ゲルマニオンファイヤー	103	250	10	0		24	2	1.3	20			0
1026	リゼラメル	101	220	0	0		20	2	1.3	20			0
1027	愛染忍法・影迷飛車	104	200	0	0		24	2	1.3	20			0
1028	双円乱舞斬	103	250	10	0		22	2	1.3	20			0
1029	ループスネイル	104	170	0	0		20	2	1.3	20			0
1030	鳳凰ノ舞・聖十字蹴	101	220	0	0		24	2	1.3	20			0
1031	愛染幻想流奥義・叢雲ノ扇	104	200	0	0		20	2	1.3	20			0
1032	愛染槍雷流奥義・飛雷召陣	104	200	0	0		20	2	1.3	20			0
1033	金は天下の周りもの	101	230	0	0		22	2	1.3	20			0
1034	剛嵐掌・満点星	103	220	10	0		20	2	1.5	20			0
1035	万死ヲ刻ム大鎌	108	210	2	0		20	2	1.3	20			0
1036	氷術・ネレイスティアーズ	104	290	0	0		24	2	1.3	20			0
1037	煌双剣・リープカーニバル	104	180	0	0		20	2	1.3	20			0
1038	パブロティックチェイン	101	240	0	0		22	2	1.3	20			0
1039	傘剣・竹桃千雨	108	200	2	0		20	2	1.1	20			0
1040	ムーンライトキャノン	108	200	2	0		24	2	1.3	20			0
1041	ニーヅマーラッシュ	103	230	10	0		26	2	1.3	20			0
1042	ライジングスターマイン	108	200	2	0		20	2	1.1	20			0
1043	オトモ・バレット	103	230	10	0		28	1	1.3	20			0
1044	かっとび！ドクロハンマー	108	200	2	0		24	2	1.3	20			0
1045	アルギュロス・ドラグニル	101	210	0	0		21	2	1.2	20			0
1046	二刀流奥義・紅花舞イ散ル	103	240	10	0		28	2	1.2	20			0
1047	夢幻乱華掌・剛布	108	210	2	0		24	2	1.3	20			0
1048	ビクトリアエスピナー	101	210	0	0		21	2	1.2	20			0
1049	愛染幻槍術・三百連閣	107	130	3	0		26	2	1.3	10			0
1050	ぐるぐるぎゅい～ん！	108	200	2	0		24	2	1.3	20			0
1051	ルナティック・ブロウ	108	200	2	0		20	2	1.1	20			0
1052	プロミスト・ビクトリー	103	230	10	0		28	2	1.2	20			0
1053	ロレル・エクスプロシオン	108	200	2	0		24	2	1.3	20			0
1054	サラマンド・カーニバル	101	210	0	0		20	2	1.3	20			0
1055	ダブル・コアランチャー	107	180	2	0		27	2	1.3	10			0
1056	詠法・鎮魂銀戒頌	103	230	10	0		24	2	1.3	20			0
1057	絶鎚・ゼノバフレイル	108	200	2	0		20	2	1.1	20			0
1058	ドラケンスフレッサー	103	190	5	0		18	1	1.3	20			0
1059	フォックス・マジック	104	190	0	0		20	2	1.3	20			0
1060	必殺のレインボーバースト	108	210	2	0		24	2	1.3	20			0
1061	ヴィクトリーバイル	101	220	0	0		20	2	1.3	20			0
1062	ミラージュロンド	108	200	2	0		24	2	1.3	20			0
1063	飛刀演舞・爆雷散雅	103	240	10	0		26	2	1.2	20			0
1064	ファスティアルブースト	101	220	0	0		20	2	1.3	20			0
1065	幸せのオーバーギフト	108	200	2	0		24	2	1.3	20			0
1066	グングニール・ヴァイス	108	210	2	0		24	2	1.3	20			0
1067	エンジェル・エコー	108	200	2	0		20	2	1.1	20			0
1068	セント・ルチア	108	200	2	0		24	2	1.3	20			0
1069	アクセルリース	103	240	10	0		28	2	1.2	20			0
1070	ホーリーファング	108	200	2	0		20	2	1.1	20			0
1071	歌留多旋風	104	170	0	0		22	2	1.3	20			0
1072	難転流・黒槌閃	108	200	2	0		24	2	1.3	20			0
1073	虚言の裏には銃三丁	107	140	3	0		26	2	1.3	10			0
1074	破魔の鶴羽	108	200	2	0		20	2	1.1	20			0
1075	閻玉大皇輪	108	200	2	0		24	2	1.3	20			0
1076	煌きのテルツェット	107	140	3	0		26	2	1.3	10			0
1077	回転妙技・翅渡り	101	240	0	0		20	2	1.3	20			0
1078	ダブルウォッシュ	108	200	2	0		24	2	1.3	20			0
1079	麗剣舞・抜山蓋世	104	170	0	0		22	2	1.3	20			0
1080	ラブリースプラッシュ	108	200	2	0		20	2	1.1	20			0
1081	ネクロアトメント	108	200	2	0		24	2	1.3	20			0
1082	バルーンハート	108	200	2	0		24	2	1.3	20			0
1083	ハイテンションエントリー	107	130	2	0		20	2	1.3	10			0
1084	闇夜ニ灯ル閃刃	103	240	10	0		28	2	1.2	20			0
1085	ミラージュクラッカー	108	200	2	0		24	2	1.3	20			0
1086	バトレクラ・ピルエット	101	240	0	0		20	2	1.3	20			0
1087	追魂奪命・氷河結衝	103	190	10	0		18	1	1.3	20			0
1088	ガブリエル・ラチェット	103	190	10	0		18	1	1.3	20			0
1089	ドルフィン・カーニバル	108	200	2	0		24	2	1.3	20			0
1090	アルケミックフュージョン	103	240	10	0		28	2	1.2	20			0
1091	フラワーミルキーウェイ	101	240	0	0		20	2	1.3	20			0
1092	今日もさけさけ明日もさけ	103	240	10	0		28	2	1.2	20			0
1093	おでかけでーす！	108	200	2	0		24	2	1.3	20			0
1094	アルテミス・シュート	101	240	0	0		20	2	1.3	20			0
1095	フルスロットルインパクト	103	190	10	0		18	1	1.3	20			0
1096	双錘乱舞・天翔旋	108	200	2	0		24	2	1.3	20			0
1097	スピニングシックル	103	240	10	0		28	2	1.2	20			0
1098	禁書・鉄拳制裁	101	240	0	0		20	2	1.3	20			0
1099	ウイニング・アロエ	108	200	2	0		24	2	1.3	20			0
1100	ストロム・スプラッシュ	108	200	2	0		24	2	1.3	20			0
1101	おねえさんにお任せ！	108	200	2	0		20	2	1.1	20			0
1102	鬼哭疾風骸	104	170	0	0		22	2	1.3	20			0
1103	ジャスティーストーム	108	200	2	0		24	2	1.3	20			0
1104	ヴァイオレットカース	108	200	2	0		20	2	1.1	20			0
1105	エールドポッドスター	108	200	2	0		24	2	1.3	20			0
1106	エンドグラビティ	108	200	2	0		24	2	1.3	20			0
1107	雪華輪舞曲	101	240	0	0		20	2	1.3	20			0
1108	回転妙技・落花傘	108	200	2	0		24	2	1.3	20			0
1109	ワン！ワン！パワー全開！	103	250	10	0		24	2	1.3	20			0
1110	キレイにしてあげるねー！	101	240	0	0		20	2	1.3	20			0
1111	アサルトライジング	103	190	10	0		18	1	1.3	20			0
1112	寿ぎ貫く！	108	200	2	0		24	2	1.3	20			0
1113	無敵のブーケトスですわ！	108	200	2	0		24	2	1.3	20			0
1114	ディストラクトキャノン	108	200	2	0		20	2	1.1	20			0
1115	クロスブラストイグザ	108	200	2	0		24	2	1.3	20			0
1116	剛嵐掌・飛翔星天撃	103	250	10	0		26	2	1.3	20			0
1117	コンペイトウ☆マジック	101	240	0	0		20	2	1.3	20			0
1118	ディアボリックファウスト	103	190	10	0		18	1	1.3	20			0
1119	真夏のビッグバン	104	170	0	0		22	2	1.3	20			0
1120	心眼ノ光速五月雨射	103	240	10	0		28	2	1.2	20			0
1121	ジャッジメント・サン	101	240	0	0		20	2	1.3	20			0
1122	パイレーツミルストーム	104	170	0	0		22	2	1.3	20			0
1123	怒りのサンクンアンカー	108	200	2	0		24	2	1.3	20			0
1124	ラピッドキャノン	107	130	2	0		20	2	1.3	10			0
1125	魔銃砲・桜舞	103	190	10	0		18	1	1.3	20			0
1126	エクストリーム金魚すくい	108	200	2	0		24	2	1.3	20			0
1127	聖突剣・梅魂咲	108	200	2	0		24	2	1.3	20			0
1128	大風車・鉄仙の拳	108	200	2	0		20	2	1.1	20			0
1129	キヌタドリーム	103	190	10	0		18	1	1.3	20			0
1130	かがっちらんちゃー！	108	200	2	0		24	2	1.3	20			0
1131	魔縁ノ力・天狗鼻	103	250	10	0		26	2	1.3	20			0
1132	ゆらゆら赤ちょうちん	101	240	0	0		20	2	1.3	20			0
1133	雷龍覚醒・雷光牙	104	170	0	0		22	2	1.3	20			0
1134	愛染一刀流奥義・七支走華	103	240	10	0		28	2	1.2	20			0
1135	ラース・グランフローラ	101	240	0	0		20	2	1.3	20			0
1136	藤幻流・火鳥召降拳	108	200	2	0		24	2	1.3	20			0
1137	びしびしばしばしだし！	108	200	2	0		24	2	1.3	20			0
1138	月映剣・月光ノ小夜曲	101	240	0	0		20	2	1.3	20			0
1139	戯曲「幸福のハーモニー」	108	200	2	0		24	2	1.3	20			0
1140	アート・オブ・ザ・ライフ	108	200	2	0		24	2	1.3	20			0
1141	極楽鳥ノ翼・輝心ノ矢	108	200	2	0		20	2	1.1	20			0
1142	可憐なる怠惰の大輪	103	190	10	0		18	1	1.3	20			0
1143	ウフソーイチュンテー！	107	140	3	0		26	2	1.3	10			0
1144	箒銃・スコパリコチア	108	200	2	0		24	2	1.3	20			0
1145	名月葉扇・紅炎龍ノ舞	101	240	0	0		20	2	1.3	20			0
1146	デュランダル・ヴァイス	103	190	10	0		18	1	1.3	20			0
1147	トリックアンドトリート！	108	200	2	0		24	2	1.3	20			0
1148	永遠の眠りへ誘う大鎌	108	200	2	0		24	2	1.3	20			0
1149	到来！ハンマーチャンス！	101	240	0	0		20	2	1.3	20			0
1150	彌猴桃剣・道化斬り	112	240	180	140		27	2	1.3	20			0
1151	完全無欠モルゲンステルン	108	200	2	0		24	2	1.3	20			0
1152	クリアリングダーツ	101	240	0	0		20	2	1.3	20			0
1153	絶剣・聖夜ノ爆葉刃	108	200	2	0		25	2	1.3	20			0
1154	サンダーアバランチ	107	140	3	0		26	2	1.3	10			0
1155	メリィベリィラッシュ！	101	240	0	0		20	2	1.3	20			0
1156	セイントクロスコンボ	112	240	180	140		27	2	1.3	20			0
1157	ノエルドルミエール	107	140	3	0		26	2	1.3	10			0
1158	ラブリーバラージ	108	200	2	0		24	2	1.3	20			0
1159	聖灯・ボンバーマッチ	108	200	2	0		20	2	1.1	20			0
1160	紅白傘・二色ノ嵐	104	170	0	0		22	2	1.3	20			0
1161	受け継がれし紅蓮の刃	108	200	2	0		24	2	1.3	20			0
1162	平和と安らぎの二閃	101	240	0	0		20	2	1.3	20			0
1163	光輝飛翔・ツインドライヴ	108	200	2	0		20	2	1.1	20			0
1164	高潔なる鉄槌「白の棘」	104	170	0	0		22	2	1.3	20			0
1165	雪下白虎ノ咆哮	108	200	2	0		24	2	1.3	20			0
1166	追走プリティカッター	101	240	0	0		20	2	1.3	20			0
1167	神速のスパイラルスピア	103	190	10	0		18	1	1.3	20			0
1168	変幻水晶・栄光ノ光	112	240	180	140		27	2	1.3	20			0
1169	全力リンリーン☆だよ！	103	240	10	0		28	2	1.2	20			0
1170	無限連弩・浄化連弾	101	240	0	0		20	2	1.3	20			0
1171	妖鬼術・雷雲雷撃	104	170	0	0		22	2	1.3	20			0
1172	強力なる愛の閃光！	108	200	2	0		24	2	1.3	20			0
1173	優越なるキャスティング	101	240	0	0		20	2	1.3	20			0
1174	幸運を呼ぶ波斬り十字	104	170	0	0		22	2	1.3	20			0
1175	優美なる鏡円斬	107	140	3	0		26	2	1.3	10			0
1176	陽気なソードダンス	101	240	0	0		20	2	1.3	20			0
1177	レックレス・ディザスター	103	190	10	0		18	1	1.3	20			0
1178	鏡劇・鏡の中のベル	103	190	10	0		18	1	1.3	20			0
1179	ブンブンバブルラッシュ	103	240	10	0		28	2	1.2	20			0
1180	封魔投剣・紫旋刃	108	200	2	0		24	2	1.3	20			0
1181	古からの青き衝撃	101	240	0	0		20	2	1.3	20			0
1182	優しきフランダースの風	108	200	2	0		20	2	1.1	20			0
1183	防衛弾幕ラピッドダーツ	104	170	0	0		22	2	1.3	20			0
1184	やり過ぎデストロイスピア	108	200	2	0		24	2	1.3	20			0
1185	刺激的で華麗なる一撃！	101	240	0	0		20	2	1.3	20			0
1186	エンジェルティアーズ	103	190	10	0		18	1	1.3	20			0
1187	高速重閃「雪球花」	103	250	10	0		28	2	1.2	20			0
1188	飲兵衛ツイスター！	108	200	2	0		24	2	1.3	20			0
1189	神速調合コンボ	101	240	0	0		20	2	1.3	20			0
1190	ピン！ポン！パン！ポム！	103	190	10	0		18	1	1.3	20			0
1191	バニーバルーンボンバー	104	170	0	0		22	2	1.3	20			0
1192	巨砲「ポーチトエッグ」	108	200	2	0		24	2	1.3	20			0
1193	火精花ラピッドフレイム	101	240	0	0		20	2	1.3	20			0
1194	キャッツフェスティバル	103	240	10	0		28	2	1.2	20			0
1195	技芸「秘デッサン」	108	210	2	0		22	2	1.3	20			0
1196	演戯「甘き香りの散華」	108	200	2	0		20	2	1.1	20			0
1197	鋸刀戦術ラストサバイバー	107	140	3	0		26	2	1.3	10			0
1198	光のジャスティスブレイド	108	200	2	0		24	2	1.3	20			0
1199	コンビネーションストーム	101	240	0	0		20	2	1.3	20			0
1200	フル活力ロックブレイカー	108	190	2	0		18	1	1.3	20			0
1201	幸運を呼ぶ赤い彗星	104	170	0	0		22	2	1.3	20			0
1202	獅子倒殺旋	108	200	2	0		24	2	1.3	20			0
1203	インシステントトラップ	101	240	0	0		20	2	1.3	20			0
1204	氷術・ネレイスマーメイド	104	170	0	0		22	2	1.3	20			0
1205	クリスタライズヨメナ	108	200	2	0		24	2	1.3	20			0
1206	縫合魔糸・シャルルドオペ	101	240	0	0		20	2	1.3	20			0
1207	無限万武槍・万武ノ翠星槍	107	140	3	0		26	2	1.3	10			0
1208	願盃・月見で一杯	108	200	2	0		24	2	1.3	20			0
1209	シューティングペンスター	108	200	2	0		20	2	1.1	20			0
1210	ネロ・メテオール	103	190	10	0		18	1	1.3	20			0
1211	時雨の詩「紫空飛翔」	107	140	3	0		26	2	1.3	10			0
1212	危険なシャークダイブカモ	104	170	0	0		22	2	1.3	20			0
1213	鋏刀斬芸「平和ノ形」	101	240	0	0		20	2	1.3	20			0
1214	吼えろ、オンブレッキオ！	104	170	0	0		22	2	1.3	20			0
1215	着実なるシフォナード	103	250	10	0		28	2	1.3	20			0
1216	熱情のフェアリーシャイン	101	240	0	0		20	2	1.3	20			0
1217	クリーンニングフェス	107	140	3	0		26	2	1.3	10			0
1218	花影術「爆裂鎖陣」	108	200	2	0		24	2	1.3	20			0
1219	おねえちゃんのパンチ	101	240	0	0		20	2	1.3	20			0
1220	ジャッジメントスマイト	101	190	0	0		18	1	1.3	20			0
1221	開錠術・ヘブンズゲート	108	200	2	0		24	2	1.3	20			0
1222	気高きレイジングホース	108	200	2	0		24	2	1.3	20			0
1223	はい！そこ！指導っ！！！	101	240	0	0		20	2	1.3	20			0
1224	雷龍覚醒・夢幻雷舞	103	240	10	0		28	2	1.2	20			0
1225	魂の篝火「ソウルフレア」	104	170	0	0		22	2	1.3	20			0
1226	害虫デストローイ！	108	200	2	0		20	2	1.1	20			0
1227	盤上無双「変化一手」	107	140	3	0		26	2	1.3	10			0
1228	デモリッションフラワー	108	200	2	0		24	2	1.3	20			0
1229	迷覚ノ刃「爽快斬舞撃」	104	170	0	0		22	2	1.3	20			0
1230	高速回転サークルスター	101	240	0	0		20	2	1.3	20			0
1231	飛刀演舞・間欠閃	104	170	0	0		22	2	1.3	20			0
1232	エンドレス・ザ・宴会	108	200	2	0		24	2	1.3	20			0
1233	超回転スズシロ大コンボ	101	240	0	0		20	2	1.3	20			0
1234	ダークネス・フルール	107	140	3	0		26	2	1.3	10			0
1235	オプスキュリデスパー	108	200	2	0		24	2	1.3	20			0
1236	カヴァリングバラージ	108	200	2	0		20	2	1.1	20			0
1237	ヒーちゃんズ☆ディバイド	103	190	10	0		18	1	1.3	20			0
1238	愛染幻砲術・南瓜連劇	104	170	0	0		22	2	1.3	20			0
1239	翠光弾・エルブズブレス	108	200	2	0		24	2	1.3	20			0
1240	ゴーゴーヤマゴーヤ！	101	240	0	0		20	2	1.3	20			0
1241	浮かぶ超閃光スズナダレ	107	140	3	0		26	2	1.3	10			0
1242	森愛ノ斧「瑠璃唐ノ舞」	108	200	2	0		24	2	1.3	20			0
1243	タツナミビッグウェーブ！	101	240	0	0		20	2	1.3	20			0
1244	皆を守る全力いきます！	101	240	0	0		20	2	1.3	20			0
1245	初雪フロートカットバック	107	140	3	0		26	2	1.3	10			0
1246	聖夜のスウィートスター	112	240	180	140		27	2	1.3	20			0
1247	魂響節・びっくりパレード	101	240	0	0		20	2	1.3	20			0
1248	装飾弓・爆裂イルミネート	107	140	3	0		26	2	1.3	10			0
1249	殻もお肉もシュパピーン！	103	250	10	0		28	2	1.3	20			0
1250	教会式武闘術「運命の緋」	108	200	2	0		20	2	1.1	20			0
1251	銀双花・ブラッディロンド	103	190	10	0		18	1	1.3	20			0
1252	黒刀・闇夜ヲ除ク紫電	112	240	180	140		27	2	1.3	20			0
1253	聖突槍・緋色鐘楼閃	108	200	2	0		24	2	1.3	20			0
1254	気流操作・召雷ノ形殺	101	240	0	0		20	2	1.3	20			0
1255	予言書「虫殺光根召喚」	101	240	0	0		20	2	1.3	20			0
1256	ツインレオノニャンチャー	108	200	2	0		24	2	1.3	20			0
1257	爆炎のペぺロニペペロミア	104	170	0	0		22	2	1.3	20			0
1258	ビバ☆ガトリング投法	101	240	0	0		20	2	1.3	20			0
1259	怪力術「細葉榕連弾」	107	140	3	0		26	2	1.3	10			0
1260	幸運☆クリーンヒット	103	240	10	0		28	2	1.3	20			0
1261	鬼双刀「鬼神乱舞閃」	101	240	0	0		20	2	1.3	20			0
1262	命閃・空断	103	190	10	0		18	1	1.3	20			0
1263	ウルトラデコレーション！	112	240	180	140		27	2	1.3	20			0
1264	ぶっ飛び☆ドクロスイーツ	104	170	0	0		22	2	1.3	20			0
1265	稲妻セレスティアルケージ	101	240	0	0		20	2	1.3	20			0
1266	レモナードシトロクエン斬	108	200	2	0		24	2	1.3	20			0
1267	夢幻乱舞棍・貫	103	240	10	0		28	2	1.3	20			0
1268	ウルシカブ「レールガン」	101	240	0	0		20	2	1.3	20			0
1269	双刃「冬のハーモニクス」	107	140	3	0		26	2	1.3	10			0
1270	銀魔のリコシェドロップス	108	200	2	0		24	2	1.3	20			0
1271	連鎖剣・クリムゾンエンド	108	200	2	0		20	2	1.1	20			0
1272	エアデルフィシュート！	103	250	10	0		28	2	1.3	20			0
1273	最大戦速アサルトシップ！	104	170	0	0		22	2	1.3	20			0
1274	望盃・花見で一杯	108	200	2	0		20	2	1.1	20			0
1275	練撃職人技「爽」	104	170	0	0		22	2	1.3	20			0
1276	黄金の吐息「マルメラダ」	108	200	2	0		24	2	1.3	20			0
1277	アデニーデザートローズ	101	240	0	0		20	2	1.3	20			0
1278	月兎弾セイクリッドムーン	104	170	0	0		22	2	1.3	20			0
1279	Open the Wildcard！	107	140	3	0		26	2	1.3	10			0
1280	高速リリウムファイヤー	101	240	0	0		20	2	1.3	20			0
1281	雲凪ノ舞・霧幻満月白閃光	112	240	180	140		27	2	1.3	20			0
1282	水霊弾・マーモットテイル	103	250	10	0		28	2	1.3	20			0
1283	希望を絶つ波斬り一文字	108	200	2	0		20	2	1.1	20			0
1284	正々堂々術・流星砲火	104	170	0	0		22	2	1.3	20			0
1285	鋸忍法・反魂花ノ光	107	140	3	0		26	2	1.3	10			0
1286	手裏剣術・不屈ノ猿鬼土羽	101	240	0	0		20	2	1.3	20			0
1287	えれがんとに決めるデス！	108	200	2	0		24	2	1.3	20			0
1288	溢れ出す紫の悪意	104	170	0	0		22	2	1.3	20			0
1289	インフィニティ・ミラクル	101	240	0	0		20	2	1.3	20			0
1290	クリロノミア・マギサ	104	180	0	0		18	1	1.3	20			0
1291	輝の仮面・シャイニーレイ	108	200	2	0		24	2	1.3	20			0
1292	鳥の仮面・恋人は鳥目方	103	250	10	0		28	2	1.3	20			0
1293	霽褻交差一刀「結び斬り」	101	240	0	0		20	2	1.3	20			0
1294	忘失ノ点刻「此方ノ記憶」	108	200	2	0		24	2	1.3	20			0
1295	金色のお日様ずどーん！	112	240	180	140		27	2	1.3	20			0
1296	飛繰駒鋸・紫旋斬	101	240	0	0		20	2	1.3	20			0
1297	ソル・ブリージョ	103	190	10	0		18	1	1.3	20			0
1298	炎翼剣「飛翔・暁」	107	140	3	0		26	2	1.3	10			0
1299	ピコピコ∞うきわトナカイ	104	170	0	0		22	2	1.3	20			0
1300	Dangerous Adventure！	108	200	2	0		20	2	1.3	20			0
1301	輪駆星トリックスター	103	250	10	0		28	2	1.3	20			0
1302	星導術「スターフレア」	108	200	2	0		24	2	1.3	20			0
1303	星弾スターライトキャノン	101	240	0	0		20	2	1.3	20			0
1304	ベロベロベーゴマー！	104	170	0	0		22	2	1.3	20			0
1305	ヘヴンス・ヒートウェイヴ	103	250	10	0		28	2	1.3	20			0
1306	一射絶命「情熱矢」	101	240	0	0		20	2	1.3	20			0
1307	希望のドゥームブレイカー	108	200	2	0		20	2	1.1	20			0
1308	光の狩猟矢「ベロシモス」	107	140	3	0		26	2	1.3	10			0
1309	無邪ノ拳「金鳳飛翔」	108	200	2	0		24	2	1.3	20			0
1310	イグニスリフレクション	101	240	0	0		20	2	1.3	20			0
1311	綱渡り芸「一輪の花」	104	170	0	0		22	2	1.3	20			0
1312	アクロバット☆アニマル	107	140	3	0		26	2	1.3	10			0
1313	ジャイアントクラブ	108	200	2	0		20	2	1.3	20			0
1314	麦酔・樽魔落	103	250	10	0		28	2	1.3	20			0
1315	退魔双剣「酔拳乱舞」	104	170	0	0		22	2	1.3	20			0
1316	紫閃槍技「ジブラカスコ」	101	240	0	0		20	2	1.3	20			0
1317	高速連撃スターウェーブ	112	240	180	140		27	2	1.3	20			0
1318	痛覚増幅・煽痛剤処方	103	250	10	0		28	2	1.3	20			0
1319	斬撃・華演裏多威	101	240	0	0		20	2	1.3	20			0
1320	連爆エアレイデスパー	103	250	10	0		28	2	1.3	20			0
1321	フラム・オブ・ルナール	108	200	2	0		24	2	1.3	20			0
1322	ハロウィンパーティライト	101	240	0	0		20	2	1.3	20			0
1323	アムールフォールイブ	103	250	10	0		28	2	1.3	20			0
1324	雷龍覚醒・迅雷華将	108	200	2	0		24	2	1.3	20			0
1325	ティーロ・ディバイド	101	240	0	0		20	2	1.3	20			0
1326	ワンダークピドシュート	107	140	3	0		26	2	1.3	10			0
1327	閃舞斬「ふうせん」	108	200	2	0		24	2	1.3	20			0
1328	突釵正拳翠彩華	108	200	2	0		20	2	1.3	20			0
1329	私が守ってみせるから！	107	110	3	0		18	1	1.3	10			0
1330	妖鬼術・冬将軍到雷	103	250	10	0		28	2	1.3	20			0
1331	突撃！ベリークマリマス！	104	170	0	0		22	2	1.3	20			0
1332	紫竜剣・ミステリアクロー	101	240	0	0		20	2	1.3	20			0
1333	エンドレス・ステップ	107	130	2	0		20	1	1.3	10			0
1334	聖夜のニーヅマーサークル	108	200	2	0		24	2	1.3	20			0
1335	聖翠牙・黒蛇夜訪	112	240	180	140		27	2	1.3	20			0
1336	エンジェル・メロディ	101	240	0	0		20	2	1.3	20			0
1337	大焔双千乱舞	108	200	2	0		24	2	1.3	20			0
1338	邪気祓・殲滅の射	107	140	3	0		26	2	1.3	10			0
1339	優雅・書鶴舞踊	101	240	0	0		20	2	1.3	20			0
1340	茶道百計・茶筅弾き	108	200	2	0		20	2	1.1	20			0
1341	魅技・花蝶乱舞	103	250	10	0		28	2	1.3	20			0
1342	イノセンスクロス	108	200	2	0		24	2	1.3	20			0
1343	前途槍々・ツインフィズ	101	240	0	0		20	2	1.3	20			0
1344	リュミエールインスパイア	107	140	3	0		26	2	1.3	10			0
1345	百戦錬千手拳	108	200	2	0		24	2	1.3	20			0
1346	ツァールロスピナランサー	101	240	0	0		20	2	1.3	20			0
1347	極・華砕拳「一心」	101	300	0	0		28	2	1.3	20			0
1348	燦・華砕拳「撃」	108	200	2	0		24	2	1.3	20			0
1349	シャイニースピューラ	101	240	0	0		20	2	1.3	20			0
1350	断頭鬼刃	101	300	0	0		28	2	1.3	20			0
1351	大気圧縮断裂	104	170	0	0		22	2	1.3	20			0
1352	炎化爆獄陣	104	180	0	0		18	2	1.3	20			0
1353	武士の斬撃	101	300	0	0		28	2	1.3	20			0
1354	精霊使いの魔法	104	170	0	0		22	2	1.3	20			0
1355	炎使いの斬撃	104	180	0	0		18	2	1.3	20			0
1356	アビス・エクスキュート	104	170	0	0		22	2	1.3	20			0
1357	イノセントプロッド	107	140	3	0		26	2	1.3	10			0
1358	アブソリュートチャージ	101	240	0	0		20	2	1.3	20			0
1359	鳳凰ノ舞・聖翔十字連脚	104	170	0	0		22	2	1.3	20			0
1360	湯ノ花洗体・壱の湯	103	250	10	0		28	2	1.3	20			0
1361	天健乱舞・大花輪	108	200	2	0		20	2	1.3	20			0
1362	ピュアリープリズムカノン	108	200	2	0		24	2	1.3	20			0
1363	負けん爆槍「散弾猫花火」	103	250	10	0		28	2	1.3	20			0
1364	フラフーブレード「運」	101	240	0	0		20	2	1.3	20			0
1365	スマッシングストーム	112	240	180	140		27	2	1.3	20			0
1366	ロウェルランジ	108	200	2	0		24	2	1.3	20			0
1367	エンジェルアタック	101	240	0	0		20	2	1.3	20			0
1368	メリィウサンドラッシュ！	108	200	2	0		24	2	1.3	20			0
1369	兎剣・黒薔薇の太刀【天】	103	250	10	0		28	2	1.3	20			0
1370	フラッグオンランデブー	101	240	0	0		20	2	1.3	20			0
1371	愛染忍法・影迷散震	101	300	0	0		28	2	1.3	20			0
1372	ハピネスミラージュ	104	170	0	0		22	2	1.3	20			0
1373	ノラ・アクセント	101	240	0	0		20	2	1.3	20			0
1374	輝願地鳴アックス	108	200	2	0		24	2	1.3	20			0
1375	プレスィディアムチェイン	107	140	3	0		26	2	1.3	10			0
1376	トワノリーべサークル	108	200	2	0		20	2	1.3	20			0
1377	スプラッシュエイト	103	250	10	0		28	2	1.3	20			0
1378	渦巻く奉舞術！のじゃ！	112	240	180	140		27	2	1.3	20			0
1379	麗烈！エリンギリ！	101	240	0	0		20	2	1.3	20			0
1380	秘針・爆撃ドレスメーカー	108	200	2	0		24	2	1.3	20			0
1381	ラッシュラビッツブライド	107	140	3	0		26	2	1.3	10			0
1382	スリール・クチュリエール	101	240	0	0		20	2	1.3	20			0
1383	魅惑ノ薬研爆裂走我	112	240	180	140		27	2	1.3	20			0
1384	コンパッションシューター	103	250	10	0		28	2	1.3	20			0
1385	対害虫槍撃・静連突破	101	240	0	0		20	2	1.3	20			0
1386	鬼夜音・覇魔那伝志己砲	101	300	0	0		28	2	1.3	20			0
1387	美麗双錘withぽよちゃん	108	200	2	0		24	2	1.3	20			0
1388	コブランヘビィメロディ	101	240	0	0		20	2	1.3	20			0
1389	気まぐれ適当ショット☆	104	170	0	0		22	2	1.3	20			0
1390	我が小さきビトレイヤル	107	140	3	0		26	2	1.3	10			0
1391	アックサーフロール	108	200	2	0		20	2	1.3	20			0
1392	ふるるんウェ～ブなのです	104	170	0	0		22	2	1.3	20			0
1393	朝星錘瑠璃スパイラル	103	250	10	0		28	2	1.3	20			0
1394	スヴニール・ヴェール	101	240	0	0		20	2	1.3	20			0
1395	祝杯ファンファーレ！	103	190	10	0		18	1	1.3	20			0
1396	ファントム・オブ・デス	107	140	3	0		26	2	1.3	10			0
1397	船員弓術・二矢両立	108	200	2	0		24	2	1.3	20			0
1398	船上剣技・回転双斬舞	101	240	0	0		20	2	1.3	20			0
1399	ハイリッヒジシュナイデン	101	300	0	0		28	2	1.3	20			0
1400	オネスタ～アクアバ～ド♪	112	240	180	140		27	2	1.3	20			0
1401	剣の舞 -桜鳳蝶-	108	200	2	0		20	2	1.3	20			0
1402	キャトルージュドライブ！	103	250	10	0		28	2	1.3	20			0
1403	環虹リベリオンストーム	104	170	0	0		22	2	1.3	20			0
1404	ミステリアス・チャーム	101	240	0	0		20	2	1.3	20			0
1405	ファーストブレッシスノー	101	300	0	0		28	2	1.3	20			0
1406	アグノスタブロスヒオーニ	107	140	3	0		26	2	1.3	10			0
1407	サン・サン・スプラッシュ	101	240	0	0		20	2	1.3	20			0
1408	欲張りシャークカモ	108	200	2	0		24	2	1.3	20			0
1409	鶏頭・チョー強打	101	300	0	0		28	2	1.3	20			0
1410	天網弦・百矢	107	130	2	0		20	2	1.3	10			0
1411	ウィズダム・ファウンテン	103	250	10	0		28	2	1.3	20			0
1412	除虫闘法「錘星大炎華」	108	200	2	0		24	2	1.3	20			0
1413	ゼンマイ式爆裂絡繰人形	101	240	0	0		20	2	1.3	20			0
1414	華砕拳「零式」	108	200	2	0		24	2	1.3	20			0
1415	ギュッと吸込むお星様☆彡	112	240	180	140		27	2	1.3	20			0
1416	バーゼリア・サークル！	101	240	0	0		20	2	1.3	20			0
1417	ジゴクノカマノクスリ	103	250	10	0		28	2	1.3	20			0
1418	ぐるぐる・ちょっぱー！	104	170	0	0		22	2	1.3	20			0
1419	ゲシルアルマティス	108	200	2	0		20	2	1.3	20			0
1420	廻天鋸・紫苑斬	108	200	2	0		24	2	1.3	20			0
1421	幻愛弓術・朱鷺	101	240	0	0		20	2	1.3	20			0
1422	スパイラルビュート	101	300	0	0		28	2	1.3	20			0
1423	破泡術・バーストバブル	101	300	0	0		28	2	1.3	20			0
1424	導きのウォーターレイズ	101	240	0	0		20	2	1.3	20			0
1425	スパイラル・ポップスター	101	200	0	0		20	1	1.3	20			0
1426	ジャンボリック☆バズーカ	101	300	0	0		28	2	1.3	20			0
1427	大道芸・地獄のヨーヨー	108	200	2	0		24	2	1.3	20			0
1428	不変なる紫星雲	101	240	0	0		20	2	1.3	20			0
1429	春風神楽～花弁ノ舞～	104	170	0	0		22	2	1.3	20			0
1430	プレ・アレ・トゥシュ！	103	250	10	0		28	2	1.3	20			0
1431	永遠の眠りと祈りを貴方に	108	200	2	0		24	2	1.3	20			0
1432	傘ノ閃・糖菓千雨	107	140	3	0		26	2	1.3	10			0
1433	アメシストフレッチャ	112	240	180	140		27	2	1.3	20			0
1434	ギザンティックガレオス	104	180	0	0		18	2	1.3	20			0
1435	愛染流弓術奥義・一意染心	101	300	0	0		28	2	1.3	20			0
1436	愛染一刀流奥義・双華炎斬	101	300	0	0		28	2	1.3	20			0
1437	旋棍・染紅閃光	108	200	2	0		24	2	1.3	20			0
1438	剛拳☆春紫苑ラ～ッシュ！	104	170	0	0		22	2	1.3	20			0
1439	ハートフルフォトン	104	170	0	0		22	2	1.3	20			0
1440	お仕置き剣・けんもほろろ	101	240	0	0		20	2	1.3	20			0
1441	クロックワーク・スピア	101	300	0	0		28	2	1.3	20			0
1442	好奇心が猫を駆り立てる	104	170	0	0		22	2	1.3	20			0
1443	シトラス・ヴォルテックス	104	170	0	0		22	2	1.3	20			0
1444	ガンズ・オブ・シュトラル	108	200	2	0		24	2	1.3	20			0
1445	蹴撃☆トライースター	101	300	0	0		28	2	1.3	20			0
1446	私が！支えるから！	108	200	2	0		24	2	1.3	20			0
1447	流炎の息吹	104	170	0	0		22	2	1.3	20			0
1448	こぼれ種★乱爆花火！	108	200	2	0		24	2	1.3	20			0
1449	ヒペリカム、仕掛けた～！	107	140	3	0		26	2	1.3	10			0
1450	火丼の術	104	170	0	0		22	2	1.3	20			0
1451	マジックミサイル	101	240	0	0		20	2	1.3	20			0
1452	花影術「花手裏剣の舞」	104	170	0	0		22	2	1.3	20			0
1453	愛染槍雷流奥義･瞬天雷花	108	200	2	0		20	2	1.3	20			0
1454	ジャスティスエッジ	108	200	2	0		24	2	1.3	20			0
1455	爆釣！心眼の一振り	107	140	3	0		26	2	1.3	10			0
1456	スウィートエイミング	104	180	0	0		18	2	1.3	20			0
1457	ルナティック・ブラスト	103	250	10	0		28	2	1.3	20			0
1458	ロケア式☆蕾バズーカ！	104	180	0	0		18	2	1.3	20			0
1459	熱愛♥エラプション	101	300	0	0		28	2	1.3	20			0
1460	誘惑の刃・疾風双天撃	108	200	2	0		20	2	1.3	20			0
1461	恋する乙女の妄想譚	112	240	180	140		27	2	1.3	20			0
1462	逆境に咲く飛輪	104	180	0	0		18	2	1.3	20			0
1463	穴掘りしちゃうぞ～☆	101	300	0	0		28	2	1.3	20			0
1464	フリージングアロー	108	200	2	0		20	2	1.3	20			0
1465	ブレイブナッツ	107	140	3	0		26	2	1.3	10			0
1466	マジカルゥ～マッシュ☆彡	101	240	0	0		20	2	1.3	20			0
1467	ミラクルスラッシュ	101	300	0	0		28	2	1.3	20			0
1468	フローズンミスト	104	180	0	0		18	2	1.3	20			0
1469	トリックorメロディー	107	140	3	0		26	2	1.3	10			0
1470	死神が切り刻みま～す	104	180	0	0		18	2	1.3	20			0
1471	雷龍覚醒・雷光天槍破	101	300	0	0		28	2	1.3	20			0
1472	聖光のグランドクロス	104	170	0	0		22	2	1.3	20			0
1473	コンペイトウ☆ビ～ム	108	200	2	0		20	2	1.3	20			0
1474	キュアペインエッジ	108	200	2	0		24	2	1.3	20			0
1475	キヒヒ…キヒィィィィ～！	104	180	0	0		18	2	1.3	20			0
1476	ライトニングエッジ	101	300	0	0		28	2	1.3	20			0
1477	マジックコーデックス	104	180	0	0		18	2	1.3	20			0
1478	聖なるアリュメット	104	170	0	0		22	2	1.3	20			0
1479	聖夜のキャロルシップ♪	101	240	0	0		20	2	1.3	20			0
1480	愛紡ぐトリトメロディア	101	300	0	0		28	2	1.3	20			0
1481	超高速キリモミ大コンボ	104	170	0	0		22	2	1.3	20			0
1482	清廉なる鉄槌「迎春の撃」	108	200	2	0		20	2	1.3	20			0
1483	永遠の実を結ぶ刃	107	140	3	0		26	2	1.3	10			0
1484	シュウール・ヴァーグ	104	180	0	0		18	2	1.3	20			0
1485	レクエルドグリモワール	104	170	0	0		22	2	1.3	20			0
1486	退魔双剣・乱滅刃	108	200	2	0		20	2	1.3	20			0
1487	恋するショコラアンカー	101	300	0	0		28	2	1.3	20			0
1488	おかわゆい簪アタ～ック！	108	200	2	0		20	2	1.3	20			0
1489	マジカルコーシカ	101	300	0	0		28	2	1.3	20			0
1490	インセンスヘイズ	104	180	0	0		18	2	1.3	20			0
1491	ツイントラストスロー	112	240	180	140		27	2	1.3	20			0
1492	グレイスフルクリスタル	104	180	0	0		18	2	1.3	20			0
1493	バーストバニーアロー	107	140	3	0		26	2	1.3	10			0
1494	ゴールドバニーラッシュ	104	180	0	0		18	2	1.3	20			0
1495	ワイルドマルティージョ	101	300	0	0		28	2	1.3	20			0
1496	バレットレイン	101	240	0	0		20	2	1.3	20			0
1497	グレイブオブオナー	104	170	0	0		22	2	1.3	20			0
1498	アークルメイス	112	240	180	140		27	2	1.3	20			0
1499	キャロットブラスト	107	140	3	0		26	2	1.3	10			0
1500	スパーキードリル	104	180	0	0		18	2	1.3	20			0
1501	レインボースターラッシュ	104	170	0	0		22	2	1.3	20			0
1502	ヴェリテ・クーペ	108	200	2	0		20	2	1.3	20			0
1503	シュトルムヴィント	101	300	0	0		28	2	1.3	20			0
1504	ローゼシャイン	104	180	0	0		18	2	1.3	20			0
1505	アーモンドラッシュ	108	200	2	0		20	2	1.3	20			0
1506	グランドクラッシュ	112	240	180	140		27	2	1.3	20			0
1507	鳴子術・共鳴懐古	112	240	180	140		27	2	1.3	20			0
1508	マーブルスプラッシュ	101	240	0	0		20	2	1.3	20			0
1509	幽霊さ～ん！出番ですよ♪	104	170	0	0		22	2	1.3	20			0
1510	キャトルナックル	101	240	0	0		20	2	1.3	20			0
1511	それゆけ！一号！	104	180	0	0		18	2	1.3	20			0
1512	ストロングインパクト	107	140	3	0		26	2	1.3	10			0
1513	ツインストエッジ	112	240	180	140		27	2	1.3	20			0
1514	忠実なる鉄槌	103	250	10	0		28	2	1.3	20			0
1515	だ・だ・だ・だ・ダァー☆	101	240	0	0		20	2	1.3	20			0
1516	エスポワールクロー	104	180	0	0		18	2	1.3	20			0
1517	パフュームストリーム	112	240	180	140		27	2	1.3	20			0
1518	フライドシューター	101	240	0	0		20	2	1.3	20			0
1519	ブラッディエッジ	107	130	2	0		20	2	1.3	10			0
1520	クリアランサー	101	240	0	0		20	2	1.3	20			0
1521	エンジェルグレース	112	240	180	140		27	2	1.3	20			0
1522	剣誓のシュバリエ	107	130	2	0		20	2	1.3	10			0
1523	幻夢幻創刃	107	130	2	0		20	2	1.3	10			0
1524	ピュアフリージング	108	200	2	0		20	2	1.3	20			0
1525	もちもちぶれーど	108	200	2	0		24	2	1.3	20			0
1526	ライトニングブレード	104	180	0	0		18	2	1.3	20			0
1527	閃撃のエーデルシュタイン	101	300	0	0		28	2	1.3	20			0
1528	光突のブリッツ	101	240	0	0		20	2	1.3	20			0
1529	魅誘雷撃	107	140	3	0		26	2	1.3	10			0
1530	ネーヴェブレイク	101	240	0	0		20	2	1.3	20			0
1531	スモーキングストライク	101	240	0	0		20	2	1.3	20			0
1532	フラワリーパニッシャー	104	180	0	0		18	2	1.3	20			0
1533	ミラージュフレイム	104	180	0	0		18	2	1.3	20			0
1534	ブリザードラッシュ	108	200	2	0		20	2	1.3	20			0
1535	半熟サーヴミール	108	200	2	0		20	2	1.3	20			0
1536	絢爛打打	108	200	2	0		20	2	1.3	20			0
1537	風雅・封々散華	104	180	0	0		18	2	1.3	20			0
1538	ピースフルスタンピング	101	240	0	0		20	2	1.3	20			0
1539	両断する月球のクラウ	104	180	0	0		18	2	1.3	20			0
1540	チューリップ1号!!	104	180	0	0		18	2	1.3	20			0
1541	ベリーボムバーン	101	240	0	0		20	2	1.3	20			0
1542	メダリオンテイカー	101	240	0	0		20	2	1.3	20			0
1543	シトリンメッツァルーナ	112	240	180	140		27	2	1.3	20			0
1544	秘剣・ホソハノシラユリ	101	240	0	0		20	2	1.3	20			0
1545	カーニバル・ホルボール	108	200	2	0		20	2	1.3	20			0
1546	華燭のオルコス	104	180	0	0		18	2	1.3	20			0
1547	ぬちぬ美らたま	112	240	180	140		27	2	1.3	20			0
1548	ダンシング・トーチ	107	130	2	0		20	2	1.3	10			0
1549	ブルースター☆オンステージ	101	240	0	0		20	2	1.3	20			0
1550	無尽分身・ミラージュスラスト	104	180	0	0		18	2	1.3	20			0
1551	絶弓技・鉄喰閃	107	140	3	0		26	2	1.3	10			0
1552	ラースオブルフ	104	180	0	0		18	2	1.3	20			0
1553	無窮万武撃・万武ノ天涙落	107	130	2	0		20	2	1.3	10			0
1554	満天開火・花弁雨	104	180	0	0		18	2	1.3	20			0
1555	焦熱大蛇・火炎塒	104	180	0	0		18	2	1.3	20			0
1556	伐斬・刈征・散美刃	107	140	3	0		26	2	1.3	10			0
1557	デイドリームオーバーフロウ	104	180	0	0		18	2	1.3	20			0
1558	ソーラーレイストーム	104	180	0	0		18	2	1.3	20			0
1559	幻影魔術・毒ノ森	117	240	180	140		20	2	1.3	10			10
1560	秘伝槍術・木波知須	101	240	0	0		20	2	1.3	20			0
1561	ファントムキャンディダンク	117	240	180	140		20	2	1.3	10			10
1562	イリデセンススター	104	180	0	0		18	2	1.3	20			0
1563	ソナタ No.9	112	240	180	140		22	2	1.3	20			0
1564	デストロイ・パージ	112	240	180	140		22	2	1.3	20			0
1565	ペリドットフラッシュバン	101	240	0	0		20	2	1.3	20			0
1566	グロウ・パレード・スパーク	117	240	180	140		20	2	1.3	10			10
1567	天壌無窮の愛	117	240	180	140		20	2	1.3	10			10
1568	セラフィムラッシュ	112	240	180	140		22	2	1.3	20			0
1569	アルテミスバースト	101	240	0	0		20	2	1.3	20			0
1570	いっけ～！剣のあめ！	101	240	0	0		20	2	1.3	20			0
1571	可変型絡繰守護獣ラヴィー	104	180	0	0		18	2	1.3	20			0
1572	超獣武装・カンガルーコンボ	101	240	0	0		20	2	1.3	20			0
1573	クイックバレット	101	240	0	0		20	2	1.3	20			0
1574	デデデデッドリィ釘バット	101	240	0	0		20	2	1.3	20			0
1575	超時空切断	101	240	0	0		20	2	1.3	20			0
1576	プロミネンスボール	104	180	0	0		18	2	1.3	20			0
1577	ナッツゴンゴーン	101	240	0	0		20	2	1.3	20			0
1578	ダイモンジソード	107	130	2	0		20	2	1.3	10			0
1579	フレグランスエッジ	104	180	0	0		18	2	1.3	20			0
1580	アロマナイブス	101	240	0	0		20	2	1.3	20			0
1581	三島流癸型・万絶	107	130	2	0		20	2	1.3	10			0
1582	インデペンダンス	101	240	0	0		20	2	1.3	20			0
1583	アムールプリュイ	104	180	0	0		18	2	1.3	20			0
1584	不撓不屈の潮流	104	180	0	0		18	2	1.3	20			0
1585	キャピリシオ・ダモーレ	104	180	0	0		18	2	1.3	20			0
1586	デコレーションレイン	104	180	0	0		18	2	1.3	20			0
1587	爽やかスライス！	107	130	2	0		20	2	1.3	10			0
1588	エリアルスラッシュ	103	250	10	0		28	2	1.3	20			0
1589	パルバライズ	104	180	0	0		18	2	1.3	20			0
1590	グレースエッジ	103	250	10	0		28	2	1.3	20			0
1591	このニブチンがーー！！	101	240	0	0		20	2	1.3	20			0
1592	とっておきの！！	101	240	0	0		20	2	1.3	20			0
2001	クリムゾンセレナーデ	103	430	10	0		28	2	1.3	20			0
2002	黒剣・乱れ黒華	112	470	280	220		27	2	1.3	20			0
2003	秘剣・黒薔薇の太刀	112	470	280	220		27	2	1.3	20			0
2004	サウザンドギルティ	103	240	10	0		32	1	1.3	20			0
2005	夢幻烈火掌・仙	101	500	0	0		36	2	1.3	20			0
2006	真・華砕拳	104	290	0	0		24	2	1.3	20			0
2007	聖突剣・梅花	101	540	0	0		28	2	1.3	20			0
2008	パッショネートドライブ	103	250	10	0		26	2	1.3	20			0
2009	スーパーノヴァ	112	470	280	220		27	2	1.3	20			0
2010	魔銃砲・桜吹雪	101	540	0	0		28	2	1.3	20			0
2011	雷龍槍・終絶の型：破	111	180	3	50		24	2	1.3	10			0
2012	魔声弾・タチバナイザー	101	230	0	0		20	2	1.3	20			0
2013	天上天下無敵打ッ！	103	220	10	0		20	2	1.3	20			0
2014	リコシェストーム	108	380	2	0		24	2	1.3	20			0
2015	コスモストーム	104	190	0	0		24	2	1.3	20			0
2016	お仕置きですわ！	109	500	40	0		28	2	1.3	20			0
2017	DUGS！	108	360	2	0		30	2	1.3	20			0
2018	魔刃・七八時雨	103	430	10	0		28	2	1.3	20			0
2019	怒りのピコ・グラビティ	108	380	2	0		24	2	1.3	20			0
2020	愛染一刀流奥義・輝目五閃	112	470	280	220		27	2	1.3	20			0
2021	エールドアンジュ	104	280	0	0		27	2	1.3	20			0
2022	熱酔拳・骨芯砕撃	108	210	2	0		20	2	1.3	20			0
2023	絶斧・断刀赤脚	104	290	0	0		24	2	1.3	20			0
2024	妖尾術・炎獄の彼岸	104	280	0	0		27	2	1.3	20			0
2025	オンシちゃんと僕の大車輪	104	280	0	0		27	2	1.3	20			0
2026	どどどどド～ン！！	112	470	280	220		27	2	1.3	20			0
2027	ティアーモ・アルペジオ	104	280	0	0		27	2	1.3	20			0
2028	絶剣・紅炎爆葉刃	112	470	280	220		27	2	1.3	20			0
2029	ジャック・オ・ランチャー	104	280	0	0		27	2	1.3	20			0
2030	びっくり！チビオラ隊	104	280	0	0		27	2	1.3	20			0
2031	グラン・パティシエール	104	280	0	0		27	2	1.3	20			0
2032	メテオライト・スノウ	104	290	0	0		24	2	1.3	20			0
2033	寿ぎ追羽子	104	280	0	0		27	2	1.3	20			0
2034	天薙術・白芍旋	104	280	0	0		27	2	1.3	20			0
2035	リベレート・デュアグレム	104	280	0	0		27	2	1.3	20			0
2036	サンダーアクセルソー	104	280	0	0		27	2	1.3	20			0
2037	スリリングスター	104	280	0	0		27	2	1.3	20			0
2038	ミスティック・パフューム	104	280	0	0		27	2	1.3	20			0
2039	散華・プレヌフロレゾン	104	280	0	0		27	2	1.3	20			0
2040	秘弓・爆散霧消	104	280	0	0		27	2	1.3	20			0
2041	サテライトフラワーカノン	112	470	280	220		27	2	1.3	20			0
2042	スウィートアセンション	112	470	280	220		27	2	1.3	20			0
2043	グレイスフルロッソ	104	280	0	0		27	2	1.3	20			0
2044	レイン・ゲイザー	104	290	0	0		24	2	1.3	20			0
2045	鬼斧・圧切赤脚	104	280	0	0		27	2	1.3	20			0
2046	奥義・流星疾風鳥	104	280	0	0		27	2	1.3	20			0
2047	アクアバレット	104	280	0	0		27	2	1.3	20			0
2048	セイクリッドエッジ	104	280	0	0		27	2	1.3	20			0
2049	仰天！デカチビオラ召喚！	104	280	0	0		27	2	1.3	20			0
2050	フリギッドミサイル	104	280	0	0		27	2	1.3	20			0
2051	カタクリズムダイブソード	104	290	0	0		24	2	1.3	20			0
2052	究極カレーストライク	104	280	0	0		27	2	1.3	20			0
2053	妖尾術・飯綱ノ炎獄乱舞	104	280	0	0		27	2	1.3	20			0
2054	月陽乱舞・御茶ノ子釵々	112	470	280	220		27	2	1.3	20			0
2055	主ヲ支シ器・古ノ光剣	107	180	3	0		24	2	1.3	10			0
2056	創造術・バブルラプチャル	104	280	0	0		27	2	1.3	20			0
2057	天薙術・牙王ノ姿勢	104	280	0	0		27	2	1.3	20			0
2058	弾奏・ビワパラパーラー♪	104	280	0	0		27	2	1.3	20			0
2059	痛快！ツーカイテン斬り！	104	280	0	0		27	2	1.3	20			0
2060	聖夜ニ迅ル天華晶	112	470	280	220		27	2	1.3	20			0
2061	不死鳥天駆・桜花旋豪嵐	104	280	0	0		27	2	1.3	20			0
2062	御形召喚術・七草乙女団	107	190	3	0		22	2	1.3	10			0
2063	霊光剣舞・麒麟一颯	112	470	280	220		27	2	1.3	20			0
2064	どんがらがっしゃん蹴撃！	104	280	0	0		27	2	1.3	20			0
2065	神聖水術・清浄ノ水龍	104	280	0	0		27	2	1.3	20			0
2066	わきゅぅうう！どどどど！	104	280	0	0		27	2	1.3	20			0
2067	クマクマクルクマー！	104	280	0	0		27	2	1.3	20			0
2068	枕弾幕マクマックラ！	107	180	3	0		24	2	1.3	10			0
2069	ファンシーラビッツ	112	470	280	220		27	2	1.3	20			0
2070	伝説の虹光解放！	107	180	3	0		24	2	1.3	10			0
2071	天を分かつ光の柱	104	280	0	0		27	2	1.3	20			0
2072	可憐なる春色ホープスター	104	280	0	0		27	2	1.3	20			0
2073	ブライドギルティブレイド	107	180	3	0		24	2	1.3	10			0
2074	美しきスターライトソード	104	280	0	0		27	2	1.3	20			0
2075	ぐるぐるぅ～ずっばぁあ！	112	470	280	220		27	2	1.3	20			0
2076	消却ノ滅光「忘却ノ彼方」	104	280	0	0		27	2	1.3	20			0
2077	邪鬼波動「千ノ罪」	104	280	0	0		27	2	1.3	20			0
2078	トライ式・ブーメラクロス	107	180	3	0		24	2	1.3	10			0
2079	エンゼル・プロミネンス	104	290	0	0		24	2	1.3	20			0
2080	炎翼剣「熱情の炎波斬」	104	280	0	0		27	2	1.3	20			0
2081	聖光のブルーロザリオ	112	470	280	220		27	2	1.3	20			0
2082	暴鏡「真実ヲ告ゲル記録」	107	180	3	0		24	2	1.3	10			0
2083	D’s HNSP！	101	540	0	0		28	2	1.3	20			0
2084	水霊双剣「裂水牙」	112	470	280	220		27	2	1.3	20			0
2085	オールピースフル：Rev 	104	280	0	0		27	2	1.3	20			0
2086	贈物旋風「聖夜」	107	180	3	0		24	2	1.3	10			0
2087	主ノ聖ナル器・輝星ノ光剣	112	470	280	220		27	2	1.3	20			0
2088	迎春☆ブレイブルラッシュ	107	180	3	0		24	2	1.3	10			0
2089	エアリアルレイドスピン	104	280	0	0		27	2	1.3	20			0
2090	明冥力「秋炎ノ螺旋龍」	104	280	0	0		27	2	1.3	20			0
2091	静寂の贈物「大氷塊落下」	107	180	3	0		24	2	1.3	10			0
2092	二色閃光「戦女神ノ剣舞」	112	470	280	220		27	2	1.3	20			0
2093	爆裂！ビタースイーツ！	104	280	0	0		27	2	1.3	20			0
2094	超炎熱旋転軸打法	101	540	0	0		28	2	1.3	20			0
2095	アグロスフォトンバースト	107	180	3	0		24	2	1.3	10			0
2096	コデマリラビッツバースト	112	470	280	220		27	2	1.3	20			0
2097	神聖水剣・清浄ノ水羊	104	280	0	0		27	2	1.3	20			0
2098	炎幻術・茶花姿蛙威	104	280	0	0		27	2	1.3	20			0
2099	光束槍・ユニオンウィング	104	280	0	0		27	2	1.3	20			0
2100	蛟の仮面・祝福の水龍輪舞	112	470	280	220		27	2	1.3	20			0
2101	水踊るトリトスプラッシュ	104	290	0	0		24	2	1.3	20			0
2102	常夏☆三連ペッポゥ	107	180	3	0		24	2	1.3	10			0
2103	キラッと輝きお星さま☆彡	104	280	0	0		27	2	1.3	20			0
2104	怠魔召喚「サボリーマ」	104	280	0	0		27	2	1.3	20			0
2105	双紅剣・闇夜ニ咲ク紅キ花	112	470	280	220		27	2	1.3	20			0
2106	紫扇召嵐「斬斬舞」	104	290	0	0		24	2	1.3	20			0
2107	ウルトラ演目「道化と鳩」	101	540	0	0		28	2	1.3	20			0
2108	クルミ・オン・ステージ！	112	470	280	220		27	2	1.3	20			0
2109	メイド・オブ・ザ・ゲート	104	280	0	0		27	2	1.3	20			0
2110	トリック・オペレーション	112	470	280	220		27	2	1.3	20			0
2111	イモータル・ガンドライド	107	180	3	0		24	2	1.3	10			0
2112	がおがお☆ハートマイン	104	280	0	0		27	2	1.3	20			0
2113	砕笠削岩【茸】	103	430	10	0		28	2	1.3	20			0
2114	霊光剣輝・聖なる一颯	112	470	280	220		27	2	1.3	20			0
2115	スーパーセイントエニシ´	107	180	3	0		24	2	1.3	10			0
2116	ハバーリ・エスパーダンセ	107	180	3	0		24	2	1.3	10			0
2117	紫炎・鬼骨鬼導	104	280	0	0		27	2	1.3	20			0
2118	ジーヴルランツェバースト	104	280	0	0		27	2	1.3	20			0
2119	恋華ブレイク[拳塊]	112	470	280	220		27	2	1.3	20			0
2120	竜星拡散爆	104	290	0	0		24	2	1.3	20			0
2121	暴君の打撃	104	290	0	0		24	2	1.3	20			0
2122	ウーちゃん超ドリルなの！	104	280	0	0		27	2	1.3	20			0
2123	唸れ、オンブレッキオ！	107	180	3	0		24	2	1.3	10			0
2124	グラスプ・ザ・ゲーム	112	470	280	220		27	2	1.3	20			0
2125	鋸刀戦術グランイグニート	101	540	0	0		28	2	1.3	20			0
2126	あたしのショータイムっ！	112	470	280	220		27	2	1.3	20			0
2127	ビバ☆アンサンブル投球	107	180	3	0		24	2	1.3	10			0
2128	ベシュヴェールンドラーヘ	112	470	280	220		27	2	1.3	20			0
2129	ゴデチアートランス	104	280	0	0		27	2	1.3	20			0
2130	ブレシングブライスピナー	107	180	3	0		24	2	1.3	10			0
2131	ミゼリアアプロヴェイト	104	280	0	0		27	2	1.3	20			0
2132	ナーデリーラ[シェリル]	112	470	280	220		27	2	1.3	20			0
2133	アモーレ・カエレスティ	103	430	10	0		28	2	1.3	20			0
2134	絶球・真夏ノ爆葉炎撃	112	470	280	220		27	2	1.3	20			0
2135	魔砲銃・桜花霞	107	180	3	0		24	2	1.3	10			0
2136	泡沫のソムノレンス	112	470	280	220		27	2	1.3	20			0
2137	骨抜流銃撃「砲鮮華」	107	180	3	0		24	2	1.3	10			0
2138	雷龍覚醒・紫電一閃:即	112	470	280	220		27	2	1.3	20			0
2139	魔鏡「悪霊ヲ放ツ南瓜」	104	280	0	0		27	2	1.3	20			0
2140	煙焔術・焙烙篝火狐鳴	104	280	0	0		27	2	1.3	20			0
2141	明冥力「蝶炎ノ天翔龍」	107	180	3	0		24	2	1.3	10			0
2142	薫風放竜槍撃	112	470	280	220		27	2	1.3	20			0
2143	雲凪ノ舞・永遠咲氷結晶	104	280	0	0		27	2	1.3	20			0
2144	氷術・ネレイスドルフィン	107	180	3	0		24	2	1.3	10			0
2145	爆裂！ボンボンスイーツ！	107	180	3	0		24	2	1.3	10			0
2146	夢幻覇王掌・贈拳	104	280	0	0		27	2	1.3	20			0
2147	ハゴイタバレット	112	470	280	220		27	2	1.3	20			0
2148	フラワーシャトルアタック	107	180	3	0		24	2	1.3	10			0
2149	神楽華芸・花籠鞠	104	280	0	0		27	2	1.3	20			0
2150	情熱のシュトルーデル	101	540	0	0		28	2	1.3	20			0
2151	ダイヤモンドアバランチ	101	540	0	0		28	2	1.3	20			0
2152	ルミナス・カタラクト	112	470	280	220		27	2	1.3	20			0
2153	アサルト・ふぁんぐ！	107	180	3	0		24	2	1.3	10			0
2154	ショコラ・オブ・ルナール	103	430	10	0		28	2	1.3	20			0
2155	愛染流弓術奥義・千煌華火	104	280	0	0		27	2	1.3	20			0
2156	華麗なる栄光のフィアンマ	107	180	3	0		24	2	1.3	10			0
2157	おとぎの国ティータイム♪	112	470	280	220		27	2	1.3	20			0
2158	絶対禁止♥ハートフル王政	107	180	3	0		24	2	1.3	10			0
2159	セイクリッド・シェーレ	112	470	280	220		27	2	1.3	20			0
2160	丹碧二重奏コスモースター	107	180	3	0		24	2	1.3	10			0
2161	幸せお届けプレゼント～♪	103	430	10	0		28	2	1.3	20			0
2162	レスト・レイフォール	103	430	10	0		28	2	1.3	20			0
2163	刀剣型ダイゾー参号機	117	470	280	220		22	2	1.3	20			10
2164	魔術手引・煉華燦賛歌	101	540	0	0		28	2	1.3	20			0
2165	ヒーローは絶対負けない！	101	540	0	0		28	2	1.3	20			0
2166	白色破壊光線	104	280	0	0		27	2	1.3	20			0
2167	いくぞシーザー！	107	180	3	0		24	2	1.3	10			0
2168	愛染幻想流奥義･花嫁舞扇	112	470	280	220		27	2	1.3	20			0
2169	†メランコリーワルツ†	107	180	3	0		24	2	1.3	10			0
2170	いい子にしましょうね～♪	101	540	0	0		28	2	1.3	20			0
2171	キラキラ☆アクアリウム	112	470	280	220		27	2	1.3	20			0
2172	愛染幻蒼術・流水槍破	101	540	0	0		28	2	1.3	20			0
2173	誘惑の祭鎚・天回乱閃	107	180	3	0		24	2	1.3	10			0
2174	ラストディスペアー	103	430	10	0		28	2	1.3	20			0
2175	マーメイドスプラッシュ	101	540	0	0		28	2	1.3	20			0
2176	ディープディザイア	117	470	280	220		22	2	1.3	20			10
2177	ルミナスアロー	103	430	10	0		28	2	1.3	20			0
2178	ジャック・オー・ベル	101	540	0	0		28	2	1.3	20			0
2179	泡沫のヘクセレイ	107	180	3	0		24	2	1.3	10			0
2180	ピストゥスプラッシュ	101	540	0	0		28	2	1.3	20			0
2181	悪い子はメッ！ですよ～	103	430	10	0		28	2	1.3	20			0
2182	ストラツォルンアーテム	107	180	3	0		24	2	1.3	10			0
2183	変化ノ光芒「光輪ノ果実」	107	180	3	0		24	2	1.3	10			0
2184	愛情ノ贈物「聖夜ノ花光」	112	470	280	220		27	2	1.3	20			0
2185	ディア・リジェネレート	104	280	0	0		27	2	1.3	20			0
2186	ぐわぐわっとくまクマーク	104	280	340	0	敵全体に{1}倍のダメージを与える　※変身中は『アステル・オブ・アイテル』となり、敵全体に{2}倍のダメージを与える	27	2	1.3	20			0
2187	ぐわぐわっとくまクマーク	104	280	0	0		27	2	1.3	20			0
2188	紫炎・退魔妖術	117	470	280	220		22	2	1.3	20			10
2189	御形召喚術・七草無双	112	470	280	220		27	2	1.3	20			0
2190	フレクシ・ソルシエール	117	470	280	220		22	2	1.3	20			10
2191	勝利を刻むスコップ	101	540	0	0		28	2	1.3	20			0
2192	ハートエナジー♥ドレイン	103	430	10	0		28	2	1.3	20			0
2193	にゃは！にゃははは～♪	107	180	3	0		24	2	1.3	10			0
2194	ウィークネスファント　	103	430	10	0		28	2	1.3	20			0
2195	薙突・震天	103	430	10	0		28	2	1.3	20			0
2196	スプラッシュハリケーン	103	430	10	0		28	2	1.3	20			0
2197	エナジーラピッドショット	107	180	3	0		24	2	1.3	10			0
2198	ルスティッヒブレード	107	180	3	0		24	2	1.3	10			0
2199	レイテントソーラ・ランス	101	540	0	0		28	2	1.3	20			0
2200	レイテントソーラ・ランス	101	540	240	0	敵単体に{1}倍のダメージを与える　※変身中は『ラディエイトソーラ・ボルト』となり、敵に3回{2}倍のダメージを与える	28	2	1.3	20			0
2201	くーにまかせろー。	112	470	280	220		27	2	1.3	20			0
2202	スペル・ア・ガルマ	104	400	0	0		10	2	1.3	20			0
2203	竜刀乱舞・臥竜	112	470	280	220		27	2	1.3	20			0
2204	フローラル・フォーチュン	117	470	280	220		22	2	1.3	20			10
2205	クルミ・ハートステップ	107	180	3	0		24	2	1.3	10			0
2206	リヒトグランツェ	101	540	0	0		28	2	1.3	20			0
2207	烈火乱れ切り	112	470	280	220		27	2	1.3	20			0
2208	静寂のフリーズスラッシュ	101	540	0	0		28	2	1.3	20			0
2209	マジェスティックショット	101	540	0	0		28	2	1.3	20			0
2210	メランコリースプラッシュ	101	540	0	0		28	2	1.3	20			0
2211	常夏オーシャントリック	112	470	280	220		27	2	1.3	20			0
2212	ポップンヴァニラ	101	540	0	0		28	2	1.3	20			0
2213	マジェンタビート	112	470	280	220		27	2	1.3	20			0
2214	鬼火十文字斬り	107	180	3	0		24	2	1.3	10			0
2215	波乗りウーちゃんなの！	117	470	280	220		22	2	1.3	20			10
2216	ミラクル・バブル	107	180	3	0		24	2	1.3	10			0
2217	ミステリーヴァニッシュ	112	470	280	220		27	2	1.3	20			0
2218	イノセントハートブレイク	112	470	280	220		27	2	1.3	20			0
2219	ヒマちゃま頑張る！	101	540	0	0		28	2	1.3	20			0
2220	ブルームパフュームライト	104	280	0	0		27	2	1.3	20			0
2221	ローズフィオリトゥーラ	107	180	3	0		24	2	1.3	10			0
2222	スーパー☆ピンポンラッシュ	117	470	280	220		22	2	1.3	20			10
2223	おいしいパンできました！	103	430	10	0		28	2	1.3	20			0
2224	ウィッチクラッシャー	112	470	280	220		27	2	1.3	20			0
2225	ラブリーハロウィン	103	430	10	0		28	2	1.3	20			0
2226	セイクリッドセイバー	103	430	10	0		28	2	1.3	20			0
2227	泡沫のバラーレ	103	430	10	0		28	2	1.3	20			0
2228	光煌ノ芒「宝魔叡結」	117	470	280	220		22	2	1.3	20			10
2229	ソウルアポカリプス	107	180	3	0		24	2	1.3	10			0
2230	神聖のハーモニー	103	430	10	0		28	2	1.3	20			0
2231	妖尾術・燐火焔煉	117	470	280	220		22	2	1.3	20			10
2232	蒼鐘のイリュージョン	103	430	10	0		28	2	1.3	20			0
2233	グロリアスブロー	107	180	3	0		24	2	1.3	10			0
2234	フェアリーランドメモリーズ	103	430	10	0		28	2	1.3	20			0
2235	ハッピー☆メリークリスマス	112	470	280	220		27	2	1.3	20			0
2236	マジェスティックアイス	103	430	10	0		28	2	1.3	20			0
2237	フライヤーバースト	101	540	0	0		28	2	1.3	20			0
2238	Royal Straight Slash	101	540	0	0		28	2	1.3	20			0
2239	ハッピー・ニュー・ゲーム	107	180	3	0		24	2	1.3	10			0
2240	マジカルダイスロール	107	180	3	0		24	2	1.3	10			0
2241	ファンタスティックシェイク	108	380	2	0		24	2	1.3	20			0
2242	拘束解除・リヒトシュトゥルム	117	470	280	220		22	2	1.3	20			10
2243	リーベ・シェーレ	107	180	3	0		24	2	1.3	10			0
2244	スウィート・ハント	103	430	10	0		28	2	1.3	20			0
2245	紫幻の乱打	104	280	0	0		27	2	1.3	20			0
2246	フォトンパニッシャー	112	470	280	220		27	2	1.3	20			10
2247	クリムゾンパニッシャー	101	540	0	0		28	2	1.3	20			0
2248	ライトニングパニッシャー	103	430	10	0		28	2	1.3	20			0
2249	ホワイトスノーチュウさん	107	180	3	0		24	2	1.3	10			0
2250	炎熱・獄炎斬	112	470	280	220		27	2	1.3	10			0
2251	星導術「イースターフレア」	117	470	280	220		22	2	1.3	20			10
2252	トライアンフ・ブリンガー	101	540	0	0		28	2	1.3	20			0
2253	拘束解除・尸解仙ノ背骨	107	180	3	0		24	2	1.3	10			0
2254	失意を照らすパープルレイ	107	180	3	0		24	2	1.3	10			0
2255	武将突撃２	112	470	280	220		27	2	1.3	20			0
2256	戦略指揮	107	180	3	0		24	2	1.3	10			0
2257	ブレークタイムラバー	101	540	0	0		28	2	1.3	20			0
2258	忍法・影星舞踏	112	470	280	220		27	2	1.3	20			0
2259	皐月雨岩穿	101	540	0	0		28	2	1.3	20			0
2260	拘束解除 .44Fate Shifter	1032	200	10	0		32	2	1.3	20			0
2261	リリィウッズメンスピリット	108	380	2	0		24	2	1.3	20			0
2262	神聖水剣・群青ノ愛羊	1035	430	30	0		28	2	1.3	20			0
2263	成恋花の鼓動	101	540	0	0		28	2	1.3	20			0
2264	炎翼剣「慶喜・入刀」	103	430	10	0		28	2	1.3	20			0
2265	幸福のオーバーフロウ	104	280	0	0		27	2	1.3	20			0
2266	†チアフルメヌエット†	117	470	280	220		22	2	1.3	20			10
2267	プールそうじでーす!	101	540	0	0		28	2	1.3	20			0
2268	ウォーターサイドメルティ	101	540	0	0		28	2	1.3	20			0
2269	星降る夜の戦舞	107	180	3	0		24	2	1.3	10			0
2270	カテーナ・インフランジービレ	101	540	0	0		28	2	1.3	20			0
2271	アンティストロフィ・ニーキー	106	240	10	0		24	2	1.3	20			0
2272	バーニングバーストブロワー	101	540	0	0		28	2	1.3	20			0
2273	トウィンクル・スパーク	112	470	280	220		27	2	1.3	20			0
2274	拘束解除・死滅夜叉、嫦娥近衛	112	470	280	220		27	2	1.3	20			0
2275	無極万武剣・万武ノ空断	112	470	280	220		27	2	1.3	20			0
2276	転転音頭	104	280	0	0		27	2	1.3	20			0
2277	真夏のクマクルクマー！	101	540	0	0		28	2	1.3	20			0
2278	愛染一刀流・花冠連撃	112	470	280	220		27	2	1.3	20			0
2279	ブルーラグーンギャングスタ	107	180	3	0		27	2	1.3	10			0
2280	海鏡「潤イモタラス夏ノ魔法」	103	430	10	0		28	2	1.3	20			0
2281	エバーラスティングジョイ	112	470	280	220		27	2	1.3	20			0
2282	ふわふわキャンディフロス	101	540	0	0		28	2	1.3	20			0
2283	ド級危急豪速鉄球	104	280	0	0		27	2	1.3	20			0
2284	レスト・レイスタンプ	101	540	0	0		28	2	1.3	20			0
2285	明冥力「蒼炎ノ泡沫龍」	107	180	3	0		27	2	1.3	10			0
2286	ホッピング・ボンバー	112	470	280	220		27	2	1.3	20			0
2287	ビックバンブロッサム	101	540	0	0		28	2	1.3	20			0
2288	拘束解除・黄金剣コルベット	101	540	0	0		28	2	1.3	20			0
2289	拘束解除・想装アクレギア	104	340	0	0		27	2	1.3	20			0
2290	拘束解除・想装アクレギア	101	600	0	0		28	2	1.3	20			0
2291	精霊協奏ファイアブラスター	103	430	10	0		28	2	1.3	20			0
2292	Boléro de fée	101	540	0	0		28	2	1.3	20			0
2293	Ahead	104	280	0	0		27	2	1.3	20			0
2294	愛しき人のアリア	117	470	280	220		22	2	1.3	20			10
2295	燃情のシュヴァルツベルター	101	540	0	0		28	2	1.3	20			0
2296	水霊大鎌「呼霧刈」	112	470	280	220		27	2	1.3	20			0
2297	魔法駆動ヤミネコライド	107	180	3	0		27	2	1.3	10			0
2298	ウィニングショット・ネビュラ	101	540	0	0		28	2	1.3	20			0
2299	アズール・シレーヌ	117	470	280	220		22	2	1.3	20			10
2300	雷龍覚醒・閃光クリアリング	103	430	10	0		28	2	1.3	20			0
2301	主ヲ充タス器・甘味ノ蓋世	104	280	0	0		27	2	1.3	20			0
2302	全力一撃ハートプレイヤー	104	280	0	0		27	2	1.3	20			0
2303	クリスマス・ハピネス	112	470	280	220		27	2	1.3	20			0
2304	プレゼントバスター	104	280	0	0		27	2	1.3	20			0
2305	聖夜型ダイゾー参号機:改	103	430	10	0		28	2	1.3	20			0
2306	虹ノ舞	104	280	0	0		27	2	1.3	20			0
2307	妖尾術・火焔ノ援護隊	112	470	280	220		27	2	1.3	20			0
2308	ステロペース・クイック	101	540	0	0		28	2	1.3	20			0
2309	泡沫のカラップ	112	470	280	220		27	2	1.3	20			0
2310	秘針一閃・おくみしたくけ	101	540	0	0		28	2	1.3	20			0
2311	拘束解除・シュトルモヴィーク	104	280	0	0		27	2	1.3	20			0
2312	秘剣・黒薔薇の太刀【聖夜】	117	470	280	220		22	2	1.3	20			10
2313	シューティングスターレイ	101	540	0	0		28	2	1.3	20			0
2314	慈愛の神の息吹	117	470	280	220		22	2	1.3	20			10
2315	タランドゥス・サモンゲート	107	180	3	0		24	2	1.3	10			0
2316	盤上無双「革命」	104	280	0	0		27	2	1.3	20			0
2317	集まれ！チビオラ隊！	112	470	280	220		27	2	1.3	20			0
2318	泡沫のメイルシュトローム	117	470	280	220		22	2	1.3	20			10
2319	可変型絡繰守護獣シロクマン	101	540	0	0		28	2	1.3	20			0
2320	可変型絡繰守護獣ペンペン	112	470	280	220		27	2	1.3	20			0
2321	ヴァイオレットストライク	103	430	10	0		28	2	1.3	20			0
2322	クエイクアックス	117	470	280	220		22	2	1.3	20			10
2323	降り注ぐ常春のペタルム	104	200	0	0		27	2	1.3	20			0
2324	舞い上がる薫風のフロス	112	470	280	220		27	2	1.3	20			0
2325	果て無き繚乱のリーベラ	117	500	400	220		22	2	1.3	20			30
2326	フローズンロックビーツ	112	470	280	220		27	2	1.3	20			0
2327	千代古令刀	112	470	280	220		27	2	1.3	20			0
2328	いい子にご褒美で～す♪	104	280	0	0		27	2	1.3	20			0
2329	拘束解除・乳海攪拌の指先	103	430	10	0		28	2	1.3	20			0
2330	華砕拳・猫式	112	470	280	220		27	2	1.3	20			0
2331	生命のはじまり	104	280	0	0		27	2	1.3	20			0
2332	華砕拳・暴風	103	430	10	0		28	2	1.3	20			0
2333	橙炎・わん骨わん導	112	470	280	220		27	2	1.3	20			0
2334	ハッピーパピーダーン	112	470	280	220		27	2	1.3	20			0
2335	ダインの封印	112	470	280	220		27	2	1.3	20			0
2336	ベリーヴインホープ	107	180	3	0		24	2	1.3	10			0
2337	ラビットレイン	104	280	0	0		27	2	1.3	20			0
2338	バニーボムバーン	104	280	0	0		27	2	1.3	20			0
2339	バッコバッコバンバン	101	540	0	0		28	2	1.3	20			0
2340	リバイバルオブザワールド	103	430	10	0		28	2	1.3	20			0
2341	負けん爆槍「長耳猫花火」	101	540	0	0		28	2	1.3	20			0
2342	飲み込むダックダイブカモ	112	470	280	220		27	2	1.3	20			0
2343	拘束解除・コプフェンタンツ	104	280	0	0		27	2	1.3	20			0
2344	横溢一閃	104	280	0	0		27	2	1.3	20			0
2345	八紘我観	103	430	10	0		28	2	1.3	20			0
2346	神眼極手	112	470	280	220		27	2	1.3	20			0
2347	無垢なる祝福	103	430	10	0		28	2	1.3	20			0
2348	ソリス・エクセルキトゥス	107	180	3	0		24	2	1.3	10			0
2349	ハートフル・ショット	104	280	0	0		27	2	1.3	20			0
2350	イモータル・ライト	101	540	0	0		28	2	1.3	20			0
2351	コンサメイション	107	180	3	0		24	2	1.3	10			0
2352	ソートフルネス	117	470	280	220		22	2	1.3	20			10
2353	シェイド・ベネディクション	104	280	0	0		27	2	1.3	20			0
2354	ディヴァイン・ジャッジメント	107	180	3	0		24	2	1.3	10			0
2355	春風神楽～花柱ノ舞～	117	470	280	220		22	2	1.3	20			10
2356	雷龍覚醒・誓約槍破	101	540	0	0		28	2	1.3	20			0
2357	ブライダルブリーズ	112	470	280	220		27	2	1.3	20			0
2358	穿つ樹氷のフロゲイア	104	200	0	0		27	2	1.3	20			0
2359	舞い降る常冬のペトラ	112	600	500	400		27	2	1.3	20			0
2360	遥かなる雪嶺のコリュクタス	117	1000	700	600		22	2	1.3	20			30
2361	マカダミア☆ストライク	103	430	10	0		28	2	1.3	20			0
2362	黒剣「激浪」	103	430	10	0		28	2	1.3	20			0
2363	紅蒼剣「西瓜割リ」	101	540	0	0		28	2	1.3	20			0
2364	剛嵐掌・鉄砲水	101	540	0	0		28	2	1.3	20			0
2365	大回転妙技・落花海岸傘	107	180	3	0		24	2	1.3	10			0
2366	宵闇ノ黒龍脈殺・隕	117	470	280	220		22	2	1.3	20			10
2367	炎熱ト宵闇ノ黒龍脈殺・隕	117	600	400	300		22	2	1.3	20			10
2368	セイクリッドブリンク	107	180	3	0		24	2	1.3	10			0
2369	舞影斬	101	540	0	0		28	2	1.3	20			0
2370	ばしゃばしゃっとくまマーク	104	280	0	0		27	2	1.3	20			0
2371	デンジャースプライト	112	470	280	220		27	2	1.3	20			0
2372	夏といえばビーチバレーですよ！	117	470	280	220		22	2	1.3	20			10
2373	拘束解除・常夏之、閑暇近衛	103	430	10	0		28	2	1.3	20			0
2374	余は闇の姫なんだけど！	104	280	0	0		27	2	1.3	20			0
2375	私が守ります	103	430	10	0		28	2	1.3	20			0
2376	これが海に架かる虹の王の力！	104	280	0	0		27	2	1.3	20			0
2377	可愛い子にはご褒美	112	470	280	220		27	2	1.3	20			0
2378	ヒューズショット	101	540	0	0		28	2	1.3	20			0
2379	グロウブレード	101	540	0	0		28	2	1.3	20			0
2380	グレイティスト・ショー！	117	470	280	220		22	2	1.3	20			10
3000	クジラスラッシュ	101	180	0	0	敵単体に{1}倍のダメージを与える	22	2	1.3	20			0
3001	グランドスラッシュ	101	220	0	0	敵単体に{1}倍のダメージを与える	18	2	1.3	20			0
3002	イサナフィスト	101	180	0	0	敵単体に{1}倍のダメージを与える	22	2	1.3	20			0
3003	イサナアタック	101	220	0	0	敵単体に{1}倍のダメージを与える	18	2	1.3	20			0
3004	ドルフィンアタック	101	180	0	0	敵単体に{1}倍のダメージを与える	22	2	1.3	20			0
3005	トライデントアタック	101	220	0	0	敵単体に{1}倍のダメージを与える	18	2	1.3	20			0
3006	サンダーマギカ	101	180	0	0	敵単体に{1}倍のダメージを与える	22	2	1.3	20			0
3007	プロヴィデンスマギカ	101	220	0	0	敵単体に{1}倍のダメージを与える	18	2	1.3	20			0
3008	ナズナ大砲術	101	180	0	0	敵単体に{1}倍のダメージを与える	22	2	1.3	20			0
3009	チビナズナ強襲隊	101	220	0	0	敵単体に{1}倍のダメージを与える	18	2	1.3	20			0
3010	フラワーカノン	114	220	0	0	敵単体に{1}倍のダメージを与える	18	2	1.3	20			0
3011	マンタ=レイ	101	150	0	0	敵単体に{1}倍のダメージを与える	40	2	1.3	20			0
3012	マンタ=レイ	101	200	0	0	敵単体に{1}倍のダメージを与える	30	2	1.3	20			0
3013	マンタ=レイ	101	150	0	0	敵単体に{1}倍のダメージを与える	40	2	1.3	20			0
3014	マンタ=レイ	104	110	0	0	敵全体に{1}倍のダメージを与える	35	2	1.3	20			0
3015	マンタ=レイ	104	200	0	0	敵全体に{1}倍のダメージを与える	30	2	1.3	20			0
3016	マンタ=レイ	104	120	0	0	敵全体に{1}倍のダメージを与える	30	2	1.3	20			0
3017	カジキャノン	104	110	0	0	敵全体に{1}倍のダメージを与える	35	2	1.3	20			0
3018	ロブ・スターキャノン	101	120	0	0	敵単体に{1}倍のダメージを与える	30	2	1.3	20			0
3019	アンコウラッシュ	104	110	0	0	敵全体に{1}倍のダメージを与える	30	2	1.3	20			0
3020	DARTS・SHOOT	101	200	0	0	敵単体に{1}倍のダメージを与える	50	2	1.3	20			0
4000	わたしが、皆を守るの！！	104	990	0	0	敵全体に{1}倍のダメージを与える	100	2	1.3	20			0
4001	正義のメカナズビーム	101	540	0	0		28	2	1.3	20			0
4002	正義のメカナズビーム	101	540	0	0		28	2	1.3	20			0
4003	正義のメカナズビーム	101	540	0	0		28	2	1.3	20			0
4004	正義のメカナズビーム	101	540	0	0		28	2	1.3	20			0
4005	正義のメカナズビーム	101	540	0	0		28	2	1.3	20			0
6000	3大害虫用砲撃	115	75	0	0	敵全体に最大HPの{1}％のダメージを与える	100	2	1.3	20			0
8000	サウザンドギルティ	103	410	10	0		32	2	1.3	20			0
8001	ガブリエル・ラチェット	103	430	10	0		28	2	1.3	20			0
8002	雷龍覚醒・雷光牙	104	280	0	0		27	2	1.3	20			0
8003	剛力斬	103	430	10	0		28	2	1.3	20			0
8004	パワーストライク	101	540	0	0		28	2	1.3	20			0
8005	ソウルスペル	108	380	2	0		24	2	1.3	20			0
8006	エアデルフィシュート！	103	430	10	0		28	2	1.3	20			0
8007	最大戦速アサルトシップ！	104	280	0	0		27	2	1.3	20			0
8008	望盃・花見で一杯	108	380	2	0		24	2	1.3	20			0
8009	エイミングスタンス	103	430	10	0		28	2	1.3	20			0
8010	寿ぎ貫く！	108	380	2	0		24	2	1.3	20			0
8011	装飾弓・爆裂イルミネート	107	180	3	0		24	2	1.3	10			0
8012	ライジングスターマイン	108	380	2	0		24	2	1.3	20			0
8013	高速回転サークルスター	101	540	0	0		28	2	1.3	20			0
8014	練撃職人技「爽」	104	280	0	0		27	2	1.3	20			0
8015	黄金の吐息「マルメラダ」	108	380	2	0		24	2	1.3	20			0
8016	アデニーデザートローズ	103	430	10	0		28	2	1.3	20			0
8017	静寂の氷結牢	104	280	0	0		27	2	1.3	20			0
8018	雷龍覚醒・夢幻雷舞	103	430	10	0		28	2	1.3	20			0
8019	魂の篝火「ソウルフレア」	104	280	0	0		27	2	1.3	20			0
8020	月兎弾セイクリッドムーン	104	280	0	0		27	2	1.3	20			0
8021	Open the Wildcard！	107	180	3	0		24	2	1.3	10			0
8022	高速リリウムファイヤー	103	430	10	0		28	2	1.3	20			0
8023	サンダーボルト	108	380	2	0		24	2	1.3	20			0
8024	ブラッディマスカレイド	103	430	10	0		28	2	1.3	20			0
8025	変幻水晶・栄光ノ光	112	470	280	220		27	2	1.3	20			0
8026	ブレイブリーストライク	108	380	2	0		24	2	1.3	20			0
8027	雲凪ノ舞・霧幻満月白閃光	112	470	280	220		27	2	1.3	20			0
8028	水霊弾・マーモットテイル	103	430	10	0		28	2	1.3	20			0
8029	希望を絶つ波斬り一文字	108	380	2	0		24	2	1.3	20			0
8030	強斬	101	540	0	0		28	2	1.3	20			0
8031	時雨の詩	104	280	0	0		27	2	1.3	20			0
8032	ソレムスレイサー	101	540	0	0		28	2	1.3	20			0
8033	全力リンリーン☆だよ！	103	410	10	0		32	2	1.3	20			0
8034	ソウルスペル	108	380	2	0		24	2	1.3	20			0
8035	正々堂々術・流星砲火	104	280	0	0		27	2	1.3	20			0
8036	鋸忍法・反魂花ノ光	107	180	3	0		24	2	1.3	10			0
8037	手裏剣術・不屈ノ猿鬼土羽	101	540	0	0		28	2	1.3	20			0
8038	暗射術・魔時狩	101	540	0	0		28	2	1.3	20			0
8039	プリンセスハート	107	180	3	0		24	2	1.3	10			0
8040	強力なる愛の閃光！	108	380	2	0		24	2	1.3	20			0
8041	フレイムバースト	108	380	2	0		24	2	1.3	20			0
8042	えれがんとに決めるデス！	108	380	2	0		24	2	1.3	20			0
8043	溢れ出す紫の悪意	104	280	0	0		27	2	1.3	20			0
8044	インフィニティ・ミラクル	103	430	10	0		28	2	1.3	20			0
8045	魔声弾・タチバナイザー	101	540	0	0		28	2	1.3	20			0
8046	アーツオブハーモニクス	104	270	0	0		32	2	1.3	20			0
8047	妖鬼術・雷雲雷撃	104	280	0	0		27	2	1.3	20			0
8048	スティールエッジ	103	430	10	0		28	2	1.3	20			0
8049	輝の仮面・シャイニーレイ	108	380	2	0		24	2	1.3	20			0
8050	鳥の仮面・恋人は鳥目方	103	430	10	0		28	2	1.3	20			0
8051	霽褻交差一刀「結び斬り」	103	430	10	0		28	2	1.3	20			0
8052	フォーチュネイトエンド	104	280	0	0		27	2	1.3	20			0
8053	星剣・スピードスター	103	430	10	0		28	2	1.3	20			0
8054	幸運を呼ぶ波斬り十字	104	280	0	0		27	2	1.3	20			0
8055	バラージショット	108	380	2	0		24	2	1.3	20			0
8056	忘失ノ点刻「此方ノ記憶」	108	380	2	0		24	2	1.3	20			0
8057	金色のお日様ずどーん！	112	470	280	220		27	2	1.3	20			0
8058	飛繰駒鋸・紫旋斬	101	540	0	0		28	2	1.3	20			0
8059	ハートブレイクショット	103	410	10	0		31	2	1.3	20			0
8060	スピニーダンス	108	380	2	0		24	2	1.3	20			0
8061	優美なる鏡円斬	107	180	3	0		24	2	1.3	10			0
8062	炎翼剣「飛翔・暁」	107	180	3	0		24	2	1.3	10			0
8063	ピコピコ∞うきわトナカイ	104	280	0	0		27	2	1.3	20			0
8064	Dangerous Adventure！	108	380	2	0		24	2	1.3	20			0
8065	バスタースィング	101	540	0	0		28	2	1.3	20			0
8066	リゼラメル	103	430	10	0		28	2	1.3	20			0
8067	マルチプルワーキャッツ	104	280	0	0		27	2	1.3	20			0
8068	ブンブンバブルラッシュ	103	430	10	0		28	2	1.3	20			0
8069	アイシクルエッジ	108	380	2	0		24	2	1.3	20			0
8070	輪駆星トリックスター	103	430	10	0		28	2	1.3	20			0
8071	星導術「スターフレア」	108	380	2	0		24	2	1.3	20			0
8072	星弾スターライトキャノン	101	540	0	0		28	2	1.3	20			0
8073	二刀流・雲龍双爪	104	280	0	0		27	2	1.3	20			0
8074	愛染忍法・影迷飛車	104	280	0	0		27	2	1.3	20			0
8075	封魔投剣・紫旋刃	108	380	2	0		24	2	1.3	20			0
8076	ローグエッジ	103	430	10	0		28	2	1.3	20			0
8077	ベロベロベーゴマー！	104	270	0	0		28	2	1.3	20			0
8078	ヘヴンス・ヒートウェイヴ	103	430	10	0		28	2	1.3	20			0
8079	一射絶命「情熱矢」	103	430	10	0		28	2	1.3	20			0
8080	コスモストーム	104	280	0	0		27	2	1.3	20			0
8081	鳳凰ノ舞・聖十字蹴	101	540	0	0		28	2	1.3	20			0
8082	双円乱舞斬	103	430	10	0		28	2	1.3	20			0
8083	グランドバスター	108	380	2	0		24	2	1.3	20			0
8084	光の狩猟矢「ベロシモス」	107	180	3	0		24	2	1.3	10			0
8085	無邪ノ拳「金鳳飛翔」	108	380	2	0		24	2	1.3	20			0
8086	イグニスリフレクション	101	540	0	0		28	2	1.3	20			0
8087	金は天下の周りもの	101	540	0	0		28	2	1.3	20			0
8088	煌きのテルツェット	107	180	3	0		24	2	1.3	10			0
8089	飲兵衛ツイスター！	108	380	2	0		24	2	1.3	20			0
8090	綱渡り芸「一輪の花」	104	280	0	0		27	2	1.3	20			0
8091	アクロバット☆アニマル	107	180	3	0		24	2	1.3	10			0
8092	ジャイアントクラブ	108	380	2	0		24	2	1.3	20			0
8093	真空剣	108	380	2	0		24	2	1.3	20			0
8094	万死ヲ刻ム大鎌	108	380	2	0		24	2	1.3	20			0
8095	パブロティックチェイン	101	540	0	0		28	2	1.3	20			0
8096	高速重閃「雪球花」	103	430	10	0		28	2	1.3	20			0
8097	フォースショット	101	540	0	0		28	2	1.3	20			0
8098	麦酔・樽魔落	103	430	10	0		28	2	1.3	20			0
8099	退魔双剣「酔拳乱舞」	104	280	0	0		27	2	1.3	20			0
8100	紫閃槍技「ジブラカスコ」	101	540	0	0		28	2	1.3	20			0
8101	青炎花の波動	103	430	10	0		28	2	1.3	20			0
8102	傘剣・竹桃千雨	108	380	2	0		24	2	1.3	20			0
8103	氷術・ネレイスマーメイド	104	280	0	0		27	2	1.3	20			0
8104	高速連撃スターウェーブ	112	470	280	220		27	2	1.3	20			0
8105	痛覚増幅・煽痛剤処方	103	430	10	0		28	2	1.3	20			0
8106	斬撃・華演裏多威	101	540	0	0		28	2	1.3	20			0
8107	剛力斬	101	540	0	0		28	2	1.3	20			0
8108	かっとび！ドクロハンマー	108	380	2	0		24	2	1.3	20			0
8109	アルギュロス・ドラグニル	101	540	0	0		28	2	1.3	20			0
8110	ドルフィン・カーニバル	108	380	2	0		24	2	1.3	20			0
8111	連爆エアレイデスパー	103	430	10	0		28	2	1.3	20			0
8112	フラム・オブ・ルナール	108	380	2	0		24	2	1.3	20			0
8113	ハロウィンパーティライト	103	430	10	0		28	2	1.3	20			0
8114	パワーストライク	103	430	10	0		28	2	1.3	20			0
8115	ビクトリアエスピナー	101	540	0	0		28	2	1.3	20			0
8116	愛染幻槍術・三百連閣	107	180	3	0		24	2	1.3	10			0
8117	歌留多旋風	104	280	0	0		27	2	1.3	20			0
8118	グランドバスター	108	380	2	0		24	2	1.3	20			0
8119	アムールフォールイブ	103	430	10	0		28	2	1.3	20			0
8120	雷龍覚醒・迅雷華将	108	380	2	0		24	2	1.3	20			0
8121	ティーロ・ディバイド	101	540	0	0		28	2	1.3	20			0
8122	ぐるぐるぎゅい～ん！	108	380	2	0		24	2	1.3	20			0
8123	ルナティック・ブロウ	108	380	2	0		24	2	1.3	20			0
8124	無敵のブーケトスですわ！	108	380	2	0		24	2	1.3	20			0
8125	グランドスラム	108	380	2	0		24	2	1.3	20			0
8126	ワンダークピドシュート	107	180	3	0		24	2	1.3	10			0
8127	閃舞斬「ふうせん」	108	380	2	0		24	2	1.3	20			0
8128	突釵正拳翠彩華	108	380	2	0		24	2	1.3	20			0
8129	ニーヅマーラッシュ	103	430	10	0		28	2	1.3	20			0
8130	サラマンド・カーニバル	101	540	0	0		28	2	1.3	20			0
8131	バルーンハート	108	380	2	0		24	2	1.3	20			0
8132	地裂波	103	430	10	0		28	2	1.3	20			0
8133	妖鬼術・冬将軍到雷	103	430	10	0		28	2	1.3	20			0
8134	突撃！ベリークマリマス！	104	280	0	0		27	2	1.3	20			0
8135	紫竜剣・ミステリアクロー	101	540	0	0		28	2	1.3	20			0
8136	煌双剣・リープカーニバル	104	280	0	0		27	2	1.3	20			0
8137	詠法・鎮魂銀戒頌	103	430	10	0		28	2	1.3	20			0
8138	絶鎚・ゼノバフレイル	108	380	2	0		24	2	1.3	20			0
8139	強斬	103	430	10	0		28	2	1.3	20			0
8140	聖夜のニーヅマーサークル	108	380	2	0		24	2	1.3	20			0
8141	聖翠牙・黒蛇夜訪	112	470	280	220		27	2	1.3	20			0
8142	エンジェル・メロディ	101	540	0	0		28	2	1.3	20			0
8143	剛嵐掌・満点星	103	430	10	0		28	2	1.3	20			0
8144	フォックス・マジック	104	280	0	0		27	2	1.3	20			0
8145	ヴィクトリーバイル	103	430	10	0		28	2	1.3	20			0
8146	トルネード	108	380	2	0		24	2	1.3	20			0
8147	大焔双千乱舞	108	380	2	0		24	2	1.3	20			0
8148	邪気祓・殲滅の射	107	180	3	0		24	2	1.3	10			0
8149	優雅・書鶴舞踊	101	540	0	0		28	2	1.3	20			0
8150	魅技・花蝶乱舞	103	430	10	0		28	2	1.3	20			0
8151	イノセンスクロス	108	380	2	0		24	2	1.3	20			0
8152	前途槍々・ツインフィズ	101	540	0	0		28	2	1.3	20			0
8153	削岩鎚	103	430	10	0		28	2	1.3	20			0
8154	ファスティアルブースト	103	430	10	0		28	2	1.3	20			0
8155	アクセルリース	103	430	10	0		28	2	1.3	20			0
8156	セイントクロスコンボ	112	470	280	220		27	2	1.3	20			0
8157	リュミエールインスパイア	107	180	3	0		24	2	1.3	10			0
8158	百戦錬千手拳	108	380	2	0		24	2	1.3	20			0
8159	ツァールロスピナランサー	101	540	0	0		28	2	1.3	20			0
8160	削岩鎚	101	540	0	0		28	2	1.3	20			0
8161	幸せのオーバーギフト	108	380	2	0		24	2	1.3	20			0
8162	エンジェル・エコー	108	380	2	0		24	2	1.3	20			0
8163	セント・ルチア	108	380	2	0		24	2	1.3	20			0
8164	極・華砕拳「一心」	101	540	0	0		28	2	1.3	20			0
8165	燦・華砕拳「撃」	108	380	2	0		24	2	1.3	20			0
8166	シャイニースピューラ	101	540	0	0		28	2	1.3	20			0
8167	地裂波	101	540	0	0		28	2	1.3	20			0
8168	華砕拳	104	280	0	0		27	2	1.3	20			0
8169	破魔の鶴羽	108	380	2	0		24	2	1.3	20			0
8170	真夏のビッグバン	104	280	0	0		27	2	1.3	20			0
8171	断頭鬼刃	101	540	0	0		28	2	1.3	20			0
8172	大気圧縮断裂	104	280	0	0		27	2	1.3	20			0
8173	炎化爆獄陣	104	280	0	0		27	2	1.3	20			0
8174	武士の斬撃	101	540	0	0		28	2	1.3	20			0
8175	精霊使いの魔法	104	280	0	0		27	2	1.3	20			0
8176	炎使いの斬撃	104	280	0	0		27	2	1.3	20			0
8177	アビス・エクスキュート	104	280	0	0		27	2	1.3	20			0
8178	イノセントプロッド	107	180	3	0		24	2	1.3	10			0
8179	アブソリュートチャージ	101	540	0	0		28	2	1.3	20			0
8180	ローグエッジ	103	430	10	0		28	2	1.3	20			0
8181	グングニール・ヴァイス	108	380	2	0		24	2	1.3	20			0
8182	ホーリーファング	108	380	2	0		24	2	1.3	20			0
8183	危険なシャークダイブカモ	104	280	0	0		27	2	1.3	20			0
8184	鳳凰ノ舞・聖翔十字連脚	104	280	0	0		27	2	1.3	20			0
8185	湯ノ花洗体・壱の湯	103	430	10	0		28	2	1.3	20			0
8186	天健乱舞・大花輪	108	380	2	0		24	2	1.3	20			0
8187	パワーヒット	108	380	2	0		24	2	1.3	20			0
8188	閻玉大皇輪	108	380	2	0		24	2	1.3	20			0
8189	回転妙技・翅渡り	103	430	10	0		28	2	1.3	20			0
8190	愛染一刀流奥義・七支走華	103	430	10	0		28	2	1.3	20			0
8191	ピュアリープリズムカノン	108	380	2	0		24	2	1.3	20			0
8192	負けん爆槍「散弾猫花火」	103	430	10	0		28	2	1.3	20			0
8193	フラフーブレード「運」	103	430	10	0		28	2	1.3	20			0
8194	斬影剣	108	380	2	0		24	2	1.3	20			0
8195	ループスネイル	104	280	0	0		27	2	1.3	20			0
8196	ラブリースプラッシュ	108	380	2	0		24	2	1.3	20			0
8197	ノエルドルミエール	107	180	3	0		24	2	1.3	10			0
8198	スマッシングストーム	112	470	280	220		27	2	1.3	20			0
8199	ロウェルランジ	108	380	2	0		24	2	1.3	20			0
8200	エンジェルアタック	101	540	0	0		28	2	1.3	20			0
8201	スティールエッジ	103	430	10	0		28	2	1.3	20			0
8202	麗剣舞・抜山蓋世	104	280	0	0		27	2	1.3	20			0
8203	ミラージュクラッカー	108	380	2	0		24	2	1.3	20			0
8204	ハイテンションエントリー	107	180	3	0		24	2	1.3	10			0
8205	メリィウサンドラッシュ！	108	380	2	0		24	2	1.3	20			0
8206	兎剣・黒薔薇の太刀【天】	103	430	10	0		28	2	1.3	20			0
8207	フラッグオンランデブー	101	540	0	0		28	2	1.3	20			0
8208	パワーヒット	108	380	2	0		24	2	1.3	20			0
8209	無垢なる滅光	104	280	0	0		27	2	1.3	20			0
8210	ネクロアトメント	108	380	2	0		24	2	1.3	20			0
8211	ダークネス・フルール	107	180	3	0		24	2	1.3	10			0
8212	バトレクラ・ピルエット	101	540	0	0		28	2	1.3	20			0
8213	愛染忍法・影迷散震	101	540	0	0		28	2	1.3	20			0
8214	ハピネスミラージュ	104	280	0	0		27	2	1.3	20			0
8215	ノラ・アクセント	101	540	0	0		28	2	1.3	20			0
8216	白蓮剣	104	280	0	0		27	2	1.3	20			0
8217	禁書・ワンダーミミック	103	430	10	0		28	2	1.3	20			0
8218	飛刀演舞・爆雷散雅	103	430	10	0		28	2	1.3	20			0
8219	フラワーミルキーウェイ	103	430	10	0		28	2	1.3	20			0
8220	今日もさけさけ明日もさけ	103	430	10	0		28	2	1.3	20			0
8221	輝願地鳴アックス	108	380	2	0		24	2	1.3	20			0
8222	プレスィディアムチェイン	107	180	3	0		24	2	1.3	10			0
8223	トワノリーべサークル	108	380	2	0		24	2	1.3	20			0
8224	ソニックブラスター	101	540	0	0		28	2	1.3	20			0
8225	闇夜ニ灯ル閃刃	103	430	10	0		28	2	1.3	20			0
8226	アルテミス・シュート	103	430	10	0		28	2	1.3	20			0
8227	戯曲・幸福のハーモニー	108	380	2	0		24	2	1.3	20			0
8228	鋸刀戦術ラストサバイバー	107	180	3	0		24	2	1.3	10			0
8229	スプラッシュエイト	103	430	10	0		28	2	1.3	20			0
8230	渦巻く奉舞術！のじゃ！	112	470	280	220		27	2	1.3	20			0
8231	麗烈！エリンギリ！	103	430	10	0		28	2	1.3	20			0
8232	バラージショット	108	380	2	0		24	2	1.3	20			0
8233	超自然学術・大地の牙	103	430	10	0		28	2	1.3	20			0
8234	ダブルウォッシュ	108	380	2	0		24	2	1.3	20			0
8235	おでかけでーす！	108	380	2	0		24	2	1.3	20			0
8236	おねえさんにお任せ！	108	380	2	0		24	2	1.3	20			0
8237	秘針・爆撃ドレスメーカー	108	380	2	0		24	2	1.3	20			0
8238	ラッシュラビッツブライド	107	180	3	0		24	2	1.3	10			0
8239	スリール・クチュリエール	101	540	0	0		28	2	1.3	20			0
8240	トルネード	108	380	2	0		24	2	1.3	20			0
8241	ミラージュロンド	108	380	2	0		24	2	1.3	20			0
8242	アルケミックフュージョン	103	430	10	0		28	2	1.3	20			0
8243	ストロム・スプラッシュ	108	380	2	0		24	2	1.3	20			0
8244	禁書・鉄拳制裁	101	540	0	0		28	2	1.3	20			0
8245	魅惑ノ薬研爆裂走我	112	470	280	220		27	2	1.3	20			0
8246	コンパッションシューター	103	430	10	0		28	2	1.3	20			0
8247	対害虫槍撃・静連突破	103	430	10	0		28	2	1.3	20			0
8248	蓮華掌	101	540	0	0		28	2	1.3	20			0
8249	ゲルマニオンファイヤー	103	430	10	0		28	2	1.3	20			0
8250	ウイニング・アロエ	108	380	2	0		24	2	1.3	20			0
8251	鬼哭疾風骸	104	280	0	0		27	2	1.3	20			0
8252	ヴァイオレットカース	108	380	2	0		24	2	1.3	20			0
8253	鬼夜音・覇魔那伝志己砲	101	540	0	0		28	2	1.3	20			0
8254	美麗双錘withぽよちゃん	108	380	2	0		24	2	1.3	20			0
8255	コブランヘビィメロディ	103	430	10	0		28	2	1.3	20			0
8256	真空剣	108	380	2	0		24	2	1.3	20			0
8257	ムーンライトキャノン	108	380	2	0		24	2	1.3	20			0
8258	キレイにしてあげるねー！	101	540	0	0		28	2	1.3	20			0
8259	剛嵐掌・飛翔星天撃	103	430	10	0		28	2	1.3	20			0
8260	パイレーツミルストーム	104	290	0	0		24	2	1.3	20			0
8261	気まぐれ適当ショット☆	104	280	0	0		27	2	1.3	20			0
8262	我が小さきビトレイヤル	107	180	3	0		24	2	1.3	10			0
8263	アックサーフロール	108	380	2	0		24	2	1.3	20			0
8264	ソウルウェーブ	108	380	2	0		24	2	1.3	20			0
8265	希望剣・善武ノ旋	103	430	10	0		28	2	1.3	20			0
8266	二刀流奥義･紅花舞イ散ル	103	430	10	0		28	2	1.3	20			0
8267	心眼ノ光速五月雨射	103	430	10	0		28	2	1.3	20			0
8268	雪華輪舞曲	101	540	0	0		28	2	1.3	20			0
8269	ふるるんウェ～ブなのです	104	280	0	0		27	2	1.3	20			0
8270	朝星錘瑠璃スパイラル	103	430	10	0		28	2	1.3	20			0
8271	スヴニール・ヴェール	101	540	0	0		28	2	1.3	20			0
8272	真空剣	108	380	2	0		24	2	1.3	20			0
8273	天上天下無敵打ッ！	103	430	10	0		28	2	1.3	20			0
8274	必殺のレインボーバースト	108	380	2	0		24	2	1.3	20			0
8275	時雨の詩「紫空飛翔」	107	180	3	0		24	2	1.3	10			0
8276	ディストラクトキャノン	108	380	2	0		24	2	1.3	20			0
8277	ファントム・オブ・デス	107	180	3	0		24	2	1.3	10			0
8278	船員弓術・二矢両立	108	380	2	0		24	2	1.3	20			0
8279	船上剣技・回転双斬舞	101	540	0	0		28	2	1.3	20			0
8280	クリムゾントルネード	107	180	3	0		24	2	1.3	10			0
8281	パッショネートドライブ	103	430	10	0		28	2	1.3	20			0
8282	プロミスト・ビクトリー	103	430	10	0		28	2	1.3	20			0
8283	エクストリーム金魚すくい	108	380	2	0		24	2	1.3	20			0
8284	ジャッジメント・サン	101	540	0	0		28	2	1.3	20			0
8285	ハイリッヒジシュナイデン	101	540	0	0		28	2	1.3	20			0
8286	オネスタ～アクアバ～ド♪	112	470	280	220		27	2	1.3	20			0
8287	剣の舞 -桜鳳蝶-	108	380	2	0		24	2	1.3	20			0
8288	バラージショット	108	380	2	0		24	2	1.3	20			0
8289	愛染槍雷流奥義	104	280	0	0		27	2	1.3	20			0
8290	熱酔拳・骨芯砕撃	108	380	2	0		24	2	1.3	20			0
8291	エールドポッドスター	108	380	2	0		24	2	1.3	20			0
8292	コンペイトウ☆マジック	101	540	0	0		28	2	1.3	20			0
8293	キャトルージュドライブ！	103	430	10	0		28	2	1.3	20			0
8294	環虹リベリオンストーム	104	280	0	0		27	2	1.3	20			0
8295	ミステリアス・チャーム	101	540	0	0		28	2	1.3	20			0
8296	スパイラルダート	104	280	0	0		27	2	1.3	20			0
8297	愛染幻想流奥義・叢雲ノ扇	104	280	0	0		27	2	1.3	20			0
8298	スピニングシックル	103	430	10	0		28	2	1.3	20			0
8299	ジャスティーストーム	108	380	2	0		24	2	1.3	20			0
8300	ラピッドキャノン	107	180	3	0		24	2	1.3	10			0
8301	ファーストブレッシスノー	101	540	0	0		28	2	1.3	20			0
8302	アグノスタブロスヒオーニ	107	180	3	0		24	2	1.3	10			0
8303	サン・サン・スプラッシュ	101	540	0	0		28	2	1.3	20			0
8304	スターダストレイン	108	380	2	0		24	2	1.3	20			0
8305	光弓・連輝弾	104	280	0	0		27	2	1.3	20			0
8306	びしびしばしばしだし！	108	380	2	0		24	2	1.3	20			0
8307	トリックアンドトリート！	108	380	2	0		24	2	1.3	20			0
8308	大風車・鉄仙の拳	108	380	2	0		24	2	1.3	20			0
8309	欲張りシャークカモ	108	380	2	0		24	2	1.3	20			0
8310	鶏頭・チョー強打	101	540	0	0		28	2	1.3	20			0
8311	天網弦・百矢	107	180	3	0		24	2	1.3	10			0
8312	ダンシングフレイム	108	380	2	0		24	2	1.3	20			0
8313	スペイディクスパート	103	430	10	0		28	2	1.3	20			0
8314	難転流・黒槌閃	108	380	2	0		24	2	1.3	20			0
8315	双錘乱舞・天翔旋	108	380	2	0		24	2	1.3	20			0
8316	ゆらゆら赤ちょうちん	103	430	10	0		28	2	1.3	20			0
8317	ウィズダム・ファウンテン	103	430	10	0		28	2	1.3	20			0
8318	除虫闘法「錘星大炎華」	108	380	2	0		24	2	1.3	20			0
8319	ゼンマイ式爆裂絡繰人形	101	540	0	0		28	2	1.3	20			0
8320	スターダストレイン	108	380	2	0		24	2	1.3	20			0
8321	オトモ・バレット	103	430	10	0		28	2	1.3	20			0
8322	夢幻乱花掌・剛布	108	380	2	0		24	2	1.3	20			0
8323	ロレル・エクスプロシオン	108	380	2	0		24	2	1.3	20			0
8324	ラース・グランフローラ	101	540	0	0		28	2	1.3	20			0
8325	華砕拳「零式」	108	380	2	0		24	2	1.3	20			0
8326	ギュッと吸込むお星様☆彡	112	470	280	220		27	2	1.3	20			0
8327	バーゼリア・サークル！	101	540	0	0		28	2	1.3	20			0
8328	ライトニングアロー	108	380	2	0		24	2	1.3	20			0
8329	ダブル・コアランチャー	107	180	3	0		24	2	1.3	10			0
8330	虚言の裏には銃三丁	107	180	3	0		24	2	1.3	10			0
8331	エンドグラビティ	108	380	2	0		24	2	1.3	20			0
8332	月映剣・月光ノ小夜曲	101	540	0	0		28	2	1.3	20			0
8333	ジゴクノカマノクスリ	103	430	10	0		28	2	1.3	20			0
8334	ぐるぐる・ちょっぱー！	104	280	0	0		27	2	1.3	20			0
8335	ゲシルアルマティス	108	380	2	0		24	2	1.3	20			0
8336	ダブルランス	107	180	3	0		24	2	1.3	10			0
8337	回転妙技・落花傘	108	380	2	0		24	2	1.3	20			0
8338	魔縁ノ力・天狗鼻	103	430	10	0		28	2	1.3	20			0
8339	完全無欠モルゲンステルン	108	380	2	0		24	2	1.3	20			0
8340	極楽鳥ノ翼・輝心ノ矢	108	380	2	0		24	2	1.3	20			0
8341	廻天鋸・紫苑斬	108	380	2	0		24	2	1.3	20			0
8342	幻愛弓術・朱鷺	101	540	0	0		28	2	1.3	20			0
8343	双龍飛炎車輪斬	108	380	2	0		24	2	1.3	20			0
8344	スパイラルビュート	101	540	0	0		28	2	1.3	20			0
8345	ダブルランス	107	180	3	0		24	2	1.3	10			0
8346	絶剣・聖夜ノ爆葉刃	108	380	2	0		24	2	1.3	20			0
8347	サンダーアバランチ	107	180	3	0		24	2	1.3	10			0
8348	初雪フロートカットバック	107	180	3	0		24	2	1.3	10			0
8349	到来！ハンマーチャンス！	101	540	0	0		28	2	1.3	20			0
8350	破泡術・バーストバブル	101	540	0	0		28	2	1.3	20			0
8351	導きのウォーターレイズ	101	540	0	0		28	2	1.3	20			0
8352	赫雨刃破撃	101	540	0	0		28	2	1.3	20			0
8353	ジャンボリック☆バズーカ	101	540	0	0		28	2	1.3	20			0
8354	大道芸・地獄のヨーヨー	108	380	2	0		24	2	1.3	20			0
8355	不変なる紫星雲	103	430	10	0		28	2	1.3	20			0
8356	トリプルランス	107	180	3	0		24	2	1.3	10			0
8357	彌猴桃剣・道化斬り	112	470	280	220		27	2	1.3	20			0
8358	紅白傘・二色ノ嵐	104	280	0	0		27	2	1.3	20			0
8359	雪下白虎ノ咆哮	108	380	2	0		24	2	1.3	20			0
8360	メリィベリィラッシュ！	101	540	0	0		28	2	1.3	20			0
8361	春風神楽～花弁ノ舞～	104	280	0	0		27	2	1.3	20			0
8362	プレ・アレ・トゥシュ！	103	430	10	0		28	2	1.3	20			0
8363	永遠の眠りと祈りを貴方に	108	380	2	0		24	2	1.3	20			0
8364	アイシクルエッジ	108	380	2	0		24	2	1.3	20			0
8365	ワン！ワン！パワー全開！	103	430	10	0		28	2	1.3	20			0
8366	怒りのサンクンアンカー	108	380	2	0		24	2	1.3	20			0
8367	聖突剣・梅魂咲	108	380	2	0		24	2	1.3	20			0
8368	聖灯・ボンバーマッチ	108	380	2	0		24	2	1.3	20			0
8369	傘ノ閃・糖菓千雨	107	180	3	0		24	2	1.3	10			0
8370	アメシストフレッチャ	112	470	280	220		27	2	1.3	20			0
8371	ギザンティックガレオス	104	280	0	0		27	2	1.3	20			0
8372	フレイムバースト	108	380	2	0		24	2	1.3	20			0
8373	かがっちらんちゃー！	108	380	2	0		24	2	1.3	20			0
8374	藤幻流・火鳥召降拳	108	380	2	0		24	2	1.3	20			0
8375	アート・オブ・ザ・ライフ	108	380	2	0		24	2	1.3	20			0
8376	平和と安らぎの二閃	101	540	0	0		28	2	1.3	20			0
8377	名月葉扇・紅炎龍ノ舞	101	540	0	0		28	2	1.3	20			0
8378	愛染流弓術奥義・一意染心	101	540	0	0		28	2	1.3	20			0
8379	愛染一刀流奥義・双華炎斬	101	540	0	0		28	2	1.3	20			0
8380	旋棍・染紅閃光	108	380	2	0		24	2	1.3	20			0
8381	静水剣「朝咲ノ兆」	108	380	2	0		24	2	1.3	20			0
8382	ウフソーイチュンテー！	107	180	3	0		24	2	1.3	10			0
8383	箒銃・スコパリコチア	108	380	2	0		24	2	1.3	20			0
8384	永遠の眠りへ誘う大鎌	108	380	2	0		24	2	1.3	20			0
8385	追走プリティカッター	101	540	0	0		28	2	1.3	20			0
8386	鋏刀斬芸「平和ノ形」	101	540	0	0		28	2	1.3	20			0
8387	剛拳☆春紫苑ラ～ッシュ！	104	280	0	0		27	2	1.3	20			0
8388	ハートフルフォトン	104	280	0	0		27	2	1.3	20			0
8389	お仕置き剣・けんもほろろ	101	540	0	0		28	2	1.3	20			0
8390	きらめき☆びゅびゅーん！	108	380	2	0		24	2	1.3	20			0
8391	受け継がれし紅蓮の刃	108	380	2	0		24	2	1.3	20			0
8392	高潔なる鉄槌「白の棘」	104	280	0	0		27	2	1.3	20			0
8393	オプスキュリデスパー	108	380	2	0		24	2	1.3	20			0
8394	無限連弩・浄化連弾	101	540	0	0		28	2	1.3	20			0
8395	クリアリングダーツ	101	540	0	0		28	2	1.3	20			0
8396	クロックワーク・スピア	101	540	0	0		28	2	1.3	20			0
8397	好奇心が猫を駆り立てる	104	280	0	0		27	2	1.3	20			0
8398	槲ノ揺「白上花ノ舞」	101	540	0	0		28	2	1.3	20			0
8399	防衛弾幕ラピッドダーツ	104	280	0	0		27	2	1.3	20			0
8400	やり過ぎデストロイスピア	108	380	2	0		24	2	1.3	20			0
8401	技芸「秘デッサン」	108	380	2	0		24	2	1.3	20			0
8402	優越なるキャスティング	101	540	0	0		28	2	1.3	20			0
8403	刺激的で華麗なる一撃！	101	540	0	0		28	2	1.3	20			0
8404	シトラス・ヴォルテックス	104	280	0	0		27	2	1.3	20			0
8405	ガンズ・オブ・シュトラル	108	380	2	0		24	2	1.3	20			0
8406	私が守ってみせるから！	107	180	3	0		24	2	1.3	10			0
8407	バニーバルーンボンバー	104	280	0	0		27	2	1.3	20			0
8408	光のジャスティスブレイド	108	380	2	0		24	2	1.3	20			0
8409	獅子倒殺旋	108	380	2	0		24	2	1.3	20			0
8410	古からの青き衝撃	101	540	0	0		28	2	1.3	20			0
8411	演戯「甘き香りの散華」	108	380	2	0		24	2	1.3	20			0
8412	蹴撃☆トライースター	101	540	0	0		28	2	1.3	20			0
8413	ＬＯＶＥ燦ＳＵＮ・傘歌	101	540	0	0		28	2	1.3	20			0
8414	私が！支えるから！	108	380	2	0		24	2	1.3	20			0
8415	巨砲「ポーチトエッグ」	108	380	2	0		24	2	1.3	20			0
8416	キャッツフェスティバル	103	430	10	0		28	2	1.3	20			0
8417	幸運を呼ぶ赤い彗星	104	280	0	0		27	2	1.3	20			0
8418	陽気なソードダンス	101	540	0	0		28	2	1.3	20			0
8419	神速調合コンボ	101	540	0	0		28	2	1.3	20			0
8420	流炎の息吹	104	280	0	0		27	2	1.3	20			0
8421	こぼれ種★乱爆花火！	108	380	2	0		24	2	1.3	20			0
8422	ボルトライトクライシス	108	380	2	0		24	2	1.3	20			0
8423	ヒペリカム、仕掛けた～！	107	180	3	0		24	2	1.3	10			0
8424	ドラケンスフレッサー	103	430	10	0		28	2	1.3	20			0
8425	クリスタライズヨメナ	108	380	2	0		24	2	1.3	20			0
8426	無限万武槍・万武ノ翠星槍	107	180	3	0		24	2	1.3	10			0
8427	着実なるシフォナード	103	430	10	0		28	2	1.3	20			0
8428	火精花ラピッドフレイム	101	540	0	0		28	2	1.3	20			0
8429	インシステントトラップ	101	540	0	0		28	2	1.3	20			0
8430	火丼の術	104	280	0	0		27	2	1.3	20			0
8431	マジックミサイル	101	540	0	0		28	2	1.3	20			0
8432	追魂奪命・氷河結衝	103	430	10	0		28	2	1.3	20			0
8433	花影術「爆裂鎖陣」	108	380	2	0		24	2	1.3	20			0
8434	開錠術・ヘブンズゲート	108	380	2	0		24	2	1.3	20			0
8435	気高きレイジングホース	108	380	2	0		24	2	1.3	20			0
8436	コンビネーションストーム	101	540	0	0		28	2	1.3	20			0
8437	シューティングペンスター	108	380	2	0		24	2	1.3	20			0
8438	花影術「花手裏剣の舞」	104	280	0	0		27	2	1.3	20			0
8439	愛染槍雷流奥義･瞬天雷花	108	380	2	0		24	2	1.3	20			0
8440	アサルトライジング	103	430	10	0		28	2	1.3	20			0
8441	盤上無双「変化一手」	107	180	3	0		24	2	1.3	10			0
8442	デモリッションフラワー	108	380	2	0		24	2	1.3	20			0
8443	迷覚ノ刃「爽快斬舞撃」	104	280	0	0		27	2	1.3	20			0
8444	縫合魔糸・シャルルドオペ	103	430	10	0		28	2	1.3	20			0
8445	おねえちゃんのパンチ	101	540	0	0		28	2	1.3	20			0
8446	ジャスティスエッジ	108	380	2	0		24	2	1.3	20			0
8447	ディアボリックファウスト	103	430	10	0		28	2	1.3	20			0
8448	クロスブラストイグザ	108	380	2	0		24	2	1.3	20			0
8449	ラブリーバラージ	108	380	2	0		24	2	1.3	20			0
8450	吼えろ、オンブレッキオ！	104	280	0	0		27	2	1.3	20			0
8451	はい！そこ！指導っ！！！	101	540	0	0		28	2	1.3	20			0
8452	害虫デストローイ！	108	380	2	0		24	2	1.3	20			0
8453	爆釣！心眼の一振り	107	180	3	0		24	2	1.3	10			0
8454	スウィートエイミング	104	280	0	0		27	2	1.3	20			0
8455	キヌタドリーム	103	430	10	0		28	2	1.3	20			0
8456	クリーンニングフェス	107	180	3	0		24	2	1.3	10			0
8457	飛刀演舞・間欠閃	104	280	0	0		27	2	1.3	20			0
8458	森愛ノ斧「瑠璃唐ノ舞」	108	380	2	0		24	2	1.3	20			0
8459	超回転スズシロ大コンボ	101	540	0	0		28	2	1.3	20			0
8460	カヴァリングバラージ	108	380	2	0		24	2	1.3	20			0
8461	ルナティック・ブラスト	103	430	10	0		28	2	1.3	20			0
8462	ロケア式☆蕾バズーカ！	104	280	0	0		27	2	1.3	20			0
8463	可憐なる怠惰の大輪	103	430	10	0		28	2	1.3	20			0
8464	願盃・月見で一杯	108	380	2	0		24	2	1.3	20			0
8465	熱情のフェアリーシャイン	101	540	0	0		28	2	1.3	20			0
8466	ゴーゴーヤマゴーヤ！	101	540	0	0		28	2	1.3	20			0
8467	浮かぶ超閃光スズナダレ！	107	180	3	0		24	2	1.3	10			0
8468	聖夜のスウィートスター	112	470	280	220		27	2	1.3	20			0
8469	熱愛♥エラプション	101	540	0	0		28	2	1.3	20			0
8470	誘惑の刃・疾風双天撃	108	380	2	0		24	2	1.3	20			0
8471	デュランダル・ヴァイス	103	430	10	0		28	2	1.3	20			0
8472	愛染幻砲術・南瓜連劇	104	280	0	0		27	2	1.3	20			0
8473	殻もお肉もシュパピーン！	103	430	10	0		28	2	1.3	20			0
8474	聖突槍・緋色鐘楼閃	108	380	2	0		24	2	1.3	20			0
8475	タツナミビッグウェーブ！	101	540	0	0		28	2	1.3	20			0
8476	皆を守る全力いきます！	103	430	10	0		28	2	1.3	20			0
8477	恋する乙女の妄想譚	112	470	280	220		27	2	1.3	20			0
8478	逆境に咲く飛輪	104	280	0	0		27	2	1.3	20			0
8479	光輝飛翔・ツインドライヴ	108	380	2	0		24	2	1.3	20			0
8480	エンドレス・ザ・宴会	108	380	2	0		24	2	1.3	20			0
8481	ツインレオノニャンチャー	108	380	2	0		24	2	1.3	20			0
8482	怪力術「細葉榕連弾」	107	180	3	0		24	2	1.3	10			0
8483	魂響節・びっくりパレード	101	540	0	0		28	2	1.3	20			0
8484	教会式武闘術「運命の緋」	108	380	2	0		24	2	1.3	20			0
8485	穴掘りしちゃうぞ～☆	101	540	0	0		28	2	1.3	20			0
8486	フリージングアロー	108	380	2	0		24	2	1.3	20			0
8487	神速のスパイラルスピア	103	430	10	0		28	2	1.3	20			0
8488	黒刀・闇夜ヲ除ク紫電	112	470	280	220		27	2	1.3	20			0
8489	気流操作・召雷ノ形殺	101	540	0	0		28	2	1.3	20			0
8490	爆炎のペぺロニペペロミア	104	280	0	0		27	2	1.3	20			0
8491	ビバ☆ガトリング投法	101	540	0	0		28	2	1.3	20			0
8492	ぶっ飛び☆ドクロスイーツ	104	280	0	0		27	2	1.3	20			0
8493	ブレイブナッツ	107	180	3	0		24	2	1.3	10			0
8494	マジカルゥ～マッシュ☆彡	101	540	0	0		28	2	1.3	20			0
8495	レックレス・ディザスター	103	430	10	0		28	2	1.3	20			0
8496	翠光弾・エルブズブレス	108	380	2	0		24	2	1.3	20			0
8497	幸運☆クリーンヒット	103	430	10	0		28	2	1.3	20			0
8498	鬼双刀「鬼神乱舞閃」	101	540	0	0		28	2	1.3	20			0
8499	稲妻セレスティアルケージ	101	540	0	0		28	2	1.3	20			0
8500	双刃「冬のハーモニクス」	107	180	3	0		24	2	1.3	10			0
8501	ミラクルスラッシュ	101	540	0	0		28	2	1.3	20			0
8502	フローズンミスト	104	280	0	0		27	2	1.3	20			0
8503	フル活力ロックブレイカー	108	380	2	0		24	2	1.3	20			0
8504	ウルトラデコレーション！	112	470	280	220		27	2	1.3	20			0
8505	夢幻乱舞棍・貫	103	430	10	0		28	2	1.3	20			0
8506	レモナードシトロクエン斬	108	380	2	0		24	2	1.3	20			0
8507	銀魔のリコシェドロップス	108	380	2	0		24	2	1.3	20			0
8508	ウルシカブ「レールガン」	103	430	10	0		28	2	1.3	20			0
8509	連鎖剣・クリムゾンエンド	108	380	2	0		24	2	1.3	20			0
8510	トリックorメロディー	107	180	3	0		24	2	1.3	10			0
8511	死神が切り刻みま～す	104	280	0	0		27	2	1.3	20			0
8512	ネロ・メテオール	103	430	10	0		28	2	1.3	20			0
8513	雷龍覚醒・雷光天槍破	101	540	0	0		28	2	1.3	20			0
8514	聖光のグランドクロス	104	280	0	0		27	2	1.3	20			0
8515	コンペイトウ☆ビ～ム	108	380	2	0		24	2	1.3	20			0
8516	鏡劇・鏡の中のベル	103	430	10	0		28	2	1.3	20			0
8517	ジャッジメントスマイト	101	540	0	0		28	2	1.3	20			0
8518	キュアペインエッジ	108	380	2	0		24	2	1.3	20			0
8519	キヒヒ…キヒィィィィ～！	104	280	0	0		27	2	1.3	20			0
8520	ヒーちゃんズ☆ディバイド	103	430	10	0		28	2	1.3	20			0
8521	ライトニングエッジ	101	540	0	0		28	2	1.3	20			0
8522	マジックコーデックス	104	280	0	0		27	2	1.3	20			0
8523	予言書「虫殺光根召喚」	101	540	0	0		28	2	1.3	20			0
8524	聖なるアリュメット	104	280	0	0		27	2	1.3	20			0
8525	聖夜のキャロルシップ♪	101	540	0	0		28	2	1.3	20			0
8526	愛紡ぐトリトメロディア	101	540	0	0		28	2	1.3	20			0
8527	命閃・空断	103	430	10	0		28	2	1.3	20			0
8528	クリロノミア・マギサ	104	280	0	0		27	2	1.3	20			0
8529	超高速キリモミ大コンボ	104	280	0	0		27	2	1.3	20			0
8530	清廉なる鉄槌「迎春の撃」	108	380	2	0		24	2	1.3	20			0
8531	ソル・ブリージョ	103	430	10	0		28	2	1.3	20			0
8532	永遠の実を結ぶ刃	107	180	3	0		24	2	1.3	10			0
8533	シュウール・ヴァーグ	104	280	0	0		27	2	1.3	20			0
8534	希望のドゥームブレイカー	108	380	2	0		24	2	1.3	20			0
8535	レクエルドグリモワール	104	280	0	0		27	2	1.3	20			0
8536	退魔双剣・乱滅刃	108	380	2	0		24	2	1.3	20			0
8537	恋するショコラアンカー	101	540	0	0		28	2	1.3	20			0
8538	おかわゆい簪アタ～ック！	108	380	2	0		24	2	1.3	20			0
8539	エンドレス・ステップ	107	180	3	0		24	2	1.3	10			0
8540	茶道百計・茶筅弾き	108	380	2	0		24	2	1.3	20			0
8541	祝杯ファンファーレ！	103	430	10	0		28	2	1.3	20			0
8542	スパイラル・ポップスター	101	540	0	0		28	2	1.3	20			0
8543	マジカルコーシカ	101	540	0	0		28	2	1.3	20			0
8544	インセンスヘイズ	104	280	0	0		27	2	1.3	20			0
8545	ツイントラストスロー	112	470	280	220		27	2	1.3	20			0
8546	グレイスフルクリスタル	104	280	0	0		27	2	1.3	20			0
8547	バーストバニーアロー	107	180	3	0		24	2	1.3	10			0
8548	ゴールドバニーラッシュ	104	280	0	0		27	2	1.3	20			0
8549	ワイルドマルティージョ	101	540	0	0		28	2	1.3	20			0
8550	バレットレイン	101	540	0	0		28	2	1.3	20			0
8551	グレイブオブオナー	104	280	0	0		27	2	1.3	20			0
8552	アークルメイス	112	470	280	220		27	2	1.3	20			0
8553	キャロットブラスト	107	180	3	0		24	2	1.3	10			0
8554	スパーキードリル	104	280	0	0		27	2	1.3	20			0
8555	レインボースターラッシュ	104	280	0	0		27	2	1.3	20			0
8556	ヴェリテ・クーペ	108	380	2	0		24	2	1.3	20			0
8557	シュトルムヴィント	101	540	0	0		28	2	1.3	20			0
8558	ローゼシャイン	104	280	0	0		27	2	1.3	20			0
8559	アーモンドラッシュ	108	380	2	0		24	2	1.3	20			0
8560	グランドクラッシュ	112	470	280	220		27	2	1.3	20			0
8561	鳴子術・共鳴懐古	112	470	280	220		27	2	1.3	20			0
8562	マーブルスプラッシュ	101	540	0	0		28	2	1.3	20			0
8563	幽霊さ～ん！出番ですよ♪	104	280	0	0		27	2	1.3	20			0
8564	キャトルナックル	101	540	0	0		28	2	1.3	20			0
8565	それゆけ！一号！	104	280	0	0		27	2	1.3	20			0
8566	ストロングインパクト	107	180	3	0		24	2	1.3	10			0
8567	ツインストエッジ	112	470	280	220		27	2	1.3	20			0
8568	忠実なる鉄槌	103	430	10	0		28	2	1.3	20			0
8569	だ・だ・だ・だ・ダァー☆	101	540	0	0		28	2	1.3	20			0
8570	エスポワールクロー	104	280	0	0		27	2	1.3	20			0
8571	パフュームストリーム	112	470	280	220		27	2	1.3	20			0
8572	フライドシューター	101	540	0	0		28	2	1.3	20			0
8573	ブラッディエッジ	107	180	3	0		24	2	1.3	10			0
8574	クリアランサー	101	540	0	0		28	2	1.3	20			0
8575	エンジェルグレース	112	470	280	220		27	2	1.3	20			0
8576	剣誓のシュバリエ	107	180	3	0		24	2	1.3	10			0
8577	幻夢幻創刃	107	180	3	0		24	2	1.3	10			0
8578	ピュアフリージング	108	380	2	0		24	2	1.3	20			0
8579	もちもちぶれーど	108	380	2	0		24	2	1.3	20			0
8580	ライトニングブレード	104	280	0	0		27	2	1.3	20			0
8581	閃撃のエーデルシュタイン	101	540	0	0		28	2	1.3	20			0
8582	光突のブリッツ	101	540	0	0		28	2	1.3	20			0
8583	魅誘雷撃	107	180	3	0		24	2	1.3	10			0
8584	ネーヴェブレイク	101	540	0	0		28	2	1.3	20			0
8585	スモーキングストライク	101	540	0	0		28	2	1.3	20			0
8586	フラワリーパニッシャー	104	280	0	0		27	2	1.3	20			0
8587	ミラージュフレイム	104	280	0	0		27	2	1.3	20			0
8588	ブリザードラッシュ	108	380	2	0		24	2	1.3	20			0
8589	半熟サーヴミール	108	380	2	0		24	2	1.3	20			0
8590	絢爛打打	108	380	2	0		24	2	1.3	20			0
8591	風雅・封々散華	104	280	0	0		27	2	1.3	20			0
8592	ピースフルスタンピング	101	540	0	0		28	2	1.3	20			0
8593	両断する月球のクラウ	104	280	0	0		27	2	1.3	20			0
8594	チューリップ1号!!	104	280	0	0		27	2	1.3	20			0
8595	ベリーボムバーン	101	540	0	0		28	2	1.3	20			0
8596	メダリオンテイカー	101	540	0	0		28	2	1.3	20			0
8597	シトリンメッツァルーナ	112	470	280	220		27	2	1.3	20			0
8598	秘剣・ホソハノシラユリ	101	540	0	0		28	2	1.3	20			0
8599	カーニバル・ホルボール	108	380	2	0		24	2	1.3	20			0
8600	華燭のオルコス	104	280	0	0		27	2	1.3	20			0
8601	ぬちぬ美らたま	112	470	280	220		27	2	1.3	20			0
8602	ダンシング・トーチ	107	180	3	0		24	2	1.3	10			0
8603	ブルースター☆オンステージ	101	540	0	0		28	2	1.3	20			0
8604	無尽分身・ミラージュスラスト	104	280	0	0		27	2	1.3	20			0
8605	絶弓技・鉄喰閃	107	180	3	0		24	2	1.3	10			0
8606	ラースオブルフ	104	280	0	0		27	2	1.3	20			0
8607	無窮万武撃・万武ノ天涙落	107	180	3	0		24	2	1.3	10			0
8608	満天開火・花弁雨	104	280	0	0		27	2	1.3	20			0
8609	焦熱大蛇・火炎塒	104	280	0	0		27	2	1.3	20			0
8610	伐斬・刈征・散美刃	107	180	3	0		24	2	1.3	10			0
8611	デイドリームオーバーフロウ	104	280	0	0		27	2	1.3	20			0
8612	ソーラーレイストーム	104	280	0	0		27	2	1.3	20			0
8613	幻影魔術・毒ノ森	117	470	280	220		22	2	1.3	20			10
8614	秘伝槍術・木波知須	101	540	0	0		28	2	1.3	20			0
8615	ファントムキャンディダンク	117	470	280	220		22	2	1.3	20			10
8616	イリデセンススター	104	280	0	0		27	2	1.3	20			0
8617	ソナタ No.9	112	470	280	220		27	2	1.3	20			0
8618	優しきフランダースの風	108	380	2	0		24	2	1.3	20			0
8619	デストロイ・パージ	112	470	280	220		27	2	1.3	20			0
8620	ペリドットフラッシュバン	101	540	0	0		28	2	1.3	20			0
8621	グロウ・パレード・スパーク	117	470	280	220		22	2	1.3	20			10
8622	天壌無窮の愛	117	470	280	220		22	2	1.3	20			10
8623	セラフィムラッシュ	112	470	280	220		27	2	1.3	20			0
8624	アルテミスバースト	101	540	0	0		28	2	1.3	20			0
8625	いっけ～！剣のあめ！	101	540	0	0		28	2	1.3	20			0
8626	可変型絡繰守護獣ラヴィー	104	280	0	0		27	2	1.3	20			0
8627	超獣武装・カンガルーコンボ	101	540	0	0		28	2	1.3	20			0
8628	クイックバレット	101	540	0	0		28	2	1.3	20			0
8629	フルスロットルインパクト	103	430	10	0		28	2	1.3	20			0
8630	デデデデッドリィ釘バット	101	540	0	0		28	2	1.3	20			0
8631	超時空切断	101	540	0	0		28	2	1.3	20			0
8632	プロミネンスボール	104	280	0	0		27	2	1.3	20			0
8633	魔銃砲・桜舞	103	430	10	0		28	2	1.3	20			0
8634	ナッツゴンゴーン	101	540	0	0		28	2	1.3	20			0
8635	ダイモンジソード	107	180	3	0		24	2	1.3	10			0
8636	フレグランスエッジ	104	280	0	0		27	2	1.3	20			0
8637	エンジェルティアーズ	103	430	10	0		28	2	1.3	20			0
8638	ピン！ポン！パン！ポム！	103	430	10	0		28	2	1.3	20			0
8639	アロマナイブス	101	540	0	0		28	2	1.3	20			0
8640	三島流癸型・万絶	107	180	3	0		24	2	1.3	10			0
8641	銀双花・ブラッディロンド	103	430	10	0		28	2	1.3	20			0
8642	インデペンダンス	101	540	0	0		28	2	1.3	20			0
8643	アムールプリュイ	104	280	0	0		27	2	1.3	20			0
8644	不撓不屈の潮流	104	280	0	0		27	2	1.3	20			0
8645	キャピリシオ・ダモーレ	104	280	0	0		27	2	1.3	20			0
8646	デコレーションレイン	104	280	0	0		27	2	1.3	20			0
8647	爽やかスライス！	107	180	3	0		24	2	1.3	10			0
8648	エリアルスラッシュ	103	430	10	0		28	2	1.3	20			0
8649	パルバライズ	104	280	0	0		27	2	1.3	20			0
8650	グレースエッジ	103	430	10	0		28	2	1.3	20			0
8651	このニブチンがーー！！	101	540	0	0		28	2	1.3	20			0
8652	とっておきの！！	101	540	0	0		28	2	1.3	20			0
90001	アステル・オブ・アイテル	104	340	0	0	敵全体に{1}倍のダメージを与える	27	2	1.3	20			0
90002	ラディエイトソーラ・ボルト	107	240	3	0	敵に{2}回{1}倍のダメージを与える	28	2	1.3	20			0